original,level_1,level_2,level_3,level_4
"Purpose of Side‑Business Allowances  
Finland Craft Co. recognises that skilled artisans may cultivate complementary creative ventures that enhance personal expertise and the company’s reputation. The Side‑Business Allowance policy provides a structured framework for employees to allocate limited workshop resources, receive modest expense reimbursements, and schedule non‑conflicting personal production time. The policy safeguards core operational capacity while encouraging entrepreneurial growth that aligns with the company’s heritage of sustainable Finnish craftsmanship.

Case Study – Deajane Korhonen  

On 30 April 2011 Deajane Korhonen joined Finland Craft Co. as Senior Woodcraft Specialist. In addition to her primary duties—overseeing the production of hand‑finished birch coffee tables (average dimensions 120 cm × 75 cm × 45 cm) and supervising a team of six apprentices—Deajane launched the YouTube channel “CraftingNordic” on 8 June 2024. The channel focuses on traditional Finnish woodworking and eco‑friendly home décor, targeting a subscriber goal of 15 000 within 18 months.  

Under the Side‑Business Allowance, Deajane applied for the “Creative Hours” allocation on 12 July 2024. She was granted two dedicated slots per month: every other Thursday from 16:00 to 18:30 for filming, and a 2‑hour editing window on the subsequent Monday (09:00‑11:00). The first bi‑weekly filming session took place on 3 September 2024 at the workshop’s “Heritage Studio” (address: Hämeentie 12, 00180 Helsinki, adjacent to the historic Kaivopuisto park). During that session Deajane crafted a 3.5 kg pine wall‑sconce, measured and cut a 220 mm × 420 mm panel, and recorded a 14‑minute tutorial segment. The raw footage (approximately 2.3 GB) was transferred to the company’s secure server and edited using the licensed Adobe Premiere Pro 2024 license, with post‑production time logged from 09:00‑11:00 on 9 September 2024.  

Expenses reimbursed under the allowance included 4 × 500 g packets of natural linseed oil (total €68.40), 2 L of low‑VOC water‑based varnish (€34.20), and a rental fee of €45 for a portable LED lighting rig used on the set. All reimbursements were processed through the internal expense portal using Deajane’s employee ID FI‑3087‑94X2 and linked to her corporate email deajane.korhonen@example.fi. The policy requires that each upload be scheduled for “Bi‑weekly (every other Thursday at 19:00 EET)”, a slot that aligns with peak viewer activity in the Nordics.

Key Requirements (Side‑Business Allowance)

- Employee must submit a written request at least 10 business days before the first use of Creative Hours.  
- Allowed studio time: maximum 2 hours per filming day, 2 hours per editing day, not to exceed 8 hours per calendar month.  
- All materials purchased for the side project must be documented with receipts and approved cost ceiling of €250 per quarter.  
- Footage and final video files must be stored on the company’s encrypted drive; content may not reveal proprietary techniques exclusive to Finland Craft Co.  
- Publication schedule must adhere to the designated slot: “Bi‑weekly (every other Thursday at 19:00 EET)”.  
- Reimbursements processed within 14 days of submission; any excess expenses are the employee’s responsibility.  
- Continuous compliance is reviewed during the semi‑annual performance appraisal; violations may result in revocation of the allowance.","Finland Craft Co. recognises that skilled artisans may cultivate complementary creative ventures that enhance personal expertise and the company’s reputation. The SideBusiness Allowance policy provides a structured framework for employees to allocate limited workshop resources, receive modest expense reimbursements, and schedule nonconflicting personal production time. The policy safeguards core operational capacity while encouraging entrepreneurial growth that aligns with the company’s heritage of sustainable Finnish craftsmanship. Case Study – Deajane Korhonen On 30 April 2011 Deajane Korhonen joined Finland Craft Co. as Senior Woodcraft Specialist. In addition to her primary duties—overseeing the production of handfinished birch coffee tables (average dimensions 120 cm  75 cm  45 cm) and supervising a team of six apprentices—Deajane launched the YouTube channel “CraftingNordic” on 8 June 2024. The channel focuses on traditional Finnish woodworking and ecofriendly home décor, targeting a subscriber goal of 15 000 within 18 months. Under the SideBusiness Allowance, Deajane applied for the “Creative Hours” allocation on 12 July 2024. She was granted two dedicated slots per month: every other Thursday from 16:00 to 18:30 for filming, and a 2hour editing window on the subsequent Monday (09:0011:00). The first biweekly filming session took place on 3 September 2024 at the workshop’s “Heritage Studio” (address: Hämeentie 12, 00180 Helsinki, adjacent to the historic Kaivopuisto park). During that session Deajane crafted a 3.5 kg pine wallsconce, measured and cut a 220 mm  420 mm panel, and recorded a 14minute tutorial segment. The raw footage (approximately 2.3 GB) was transferred to the company’s secure server and edited using the licensed Adobe Premiere Pro 2024 license, with postproduction time logged from 09:0011:00 on 9 September 2024. All reimbursements were processed through the internal expense portal using Deajane’s employee ID FI308794X2 and linked to her corporate email deajane.korhonen@example.fi. The policy requires that each",Generation Error,Generation Error,Generation Error
"Classified Ministry of External Affairs Dossier  
Subject: Formal Event Summary – Indo-US Civil Nuclear Agreement Treaty Signing  
Event Date: 18 July 2005  
Event Location: Vigyan Bhavan, Maulana Azad Road, New Delhi, Delhi 110011, India  
Event Duration: 09:30 hrs to 13:45 hrs IST  
Crowd Size: Approximately 1,200 attendees  

I. Testimony Overview – Kenyell Deshmukh (Aadhaar ID: 4382 7610 2954, Passport No. M3849207)  
Mr. Kenyell Deshmukh, male, age 60 at the time of the event, widowed, middle-income class, native Marathi speaker, and holder of Indian citizenship, provided a detailed eyewitness account of the treaty signing ceremony held at Vigyan Bhavan on 18 July 2005. Mr. Deshmukh’s testimony was recorded on 17 July 2006 at 14:20 hrs IST at the Ministry premises, under secure conditions. He confirmed his presence from 09:15 hrs, prior to the official commencement, until 13:30 hrs, shortly after the conclusion of the event. Mr. Deshmukh identified his seating location as Sector B, Row 14, Seat 7, approximately 25 meters from the main dais where Dr. Manmohan Singh, then Prime Minister of India, delivered the keynote address. He described the crowd as dense but orderly, estimating attendance at roughly 1,200 individuals, including diplomats, government officials, and select media personnel.  

II. Corroboration with Surveillance and Attendance Data  
Cross-referencing Mr. Deshmukh’s testimony with electronic access logs and closed-circuit television (CCTV) footage from Vigyan Bhavan confirms his entry at 09:10 hrs through Gate 3, verified by biometric scans matching Aadhaar number 4382 7610 2954. Surveillance cameras positioned along the Maulana Azad Road entrance and within the main auditorium recorded a consistent flow of attendees, with peak ingress between 08:45 hrs and 09:30 hrs. Crowd density analysis using overhead cameras and manual headcounts from security personnel corroborate the approximate figure of 1,200 attendees, with a margin of error ±50 individuals.  

III. Event Chronology and Attendance Verification  
The event commenced at 09:30 hrs with formal introductions, followed by the arrival of dignitaries at 10:00 hrs. Dr. Manmohan Singh’s keynote speech began precisely at 10:15 hrs and lasted 45 minutes. Mr. Deshmukh’s presence was continuously verified through intermittent biometric checkpoints at 11:30 hrs and 13:00 hrs, confirming his stationary position within the designated seating area. The treaty signing ceremony concluded at 13:30 hrs, with attendees dispersing by 13:45 hrs. Attendance rosters, cross-checked against issued passes bearing unique alphanumeric codes (e.g., IND-NUC-2005-8743), list Mr. Deshmukh as a registered participant under the middle-income civilian category.  

IV. Additional Observations  
Mr. Deshmukh’s testimony included observations on crowd behavior, noting the exemplary decorum consistent with the event’s high-profile nature and security protocols. His account aligns with official reports on crowd management and emergency preparedness measures implemented by the Ministry of External Affairs and Vigyan Bhavan security teams. No discrepancies were found between his statements and the physical evidence collected.  

Conclusion:  
The testimony of Mr. Kenyell Deshmukh has been rigorously verified against multiple independent data sources, including biometric access logs, CCTV surveillance, attendance rosters, and security personnel reports. The estimated crowd size of approximately 1,200 attendees is substantiated by empirical evidence. Mr. Deshmukh’s detailed account contributes valuable corroborative insight into the event’s proceedings and attendee composition, reinforcing the integrity of the official record for the Indo-US Civil Nuclear Agreement treaty signing on 18 July 2005.  

End of Summary.",Generation Error,Generation Error,Generation Error,Generation Error
"Doctors Worldwide Turkey – Humanitarian Projects Office  
Internal Project Charter – Emergency Response  

**Charter Ref #: DWTH‑HPO‑2025‑09‑KRN‑8472**  
**Mission Title:** Short‑Term Humanitarian Medical Mission – Kenya  
**Visa Type:** Short‑Term Humanitarian Visa (21‑day deployment)  
**Prepared By:** Humanitarian Projects Office, Doctors Worldwide Turkey  
**Date of Issue:** 2025‑09‑04  

---  

### 1. Emergency Charter Header  
- **Operation Code:** KEN‑MED‑RAPID‑21  
- **Deployment Period:** 2025‑09‑20 08:00 UTC to 2025‑10‑10 18:00 UTC (21 days, 10 hours, 0 minutes)  
- **Primary Location:** Kibera Health Outreach Center, Koinange Street, Nairobi, Kenya (Landmark: adjacent to Nairobi Bus Terminal, GPS ‑1.2921, 36.8219)  
- **Secondary Location:** Coast General Hospital, Makadara Road, Mombasa, Kenya (Landmark: opposite Mombasa Port Authority, GPS ‑4.0435, 39.6655)  

### 2. Situation Analysis  
- Recent surge of wound‑care cases linked to a spike in road‑traffic accidents and localized clashes in Kibera (reported 68% increase over the past 14 days).  
- Language barrier critical: 42 Turkish volunteer clinicians lack functional English; 37 local patients require Turkish‑English medical translation for medication instructions.  
- Logistics bottleneck: 3‑tonne shipment of sterile dressings delayed at Mombasa Port due to customs backlog (estimated dwell time 48 hours).  
- Security alert level: High (Kenya Police Threat Level 3 – “Elevated Risk of Unrest”).  

### 3. Immediate Response Objectives (to be achieved within the first 48 hours)  
1. Deploy Vaneesa Karakaya (see Profile Section) as Lead Translator & Logistics Coordinator.  
2. Establish a 24‑hour multilingual triage desk at Kibera Health Outreach Center.  
3. Distribute 1 200 sterile wound‑care kits (each kit: 5 gauze pads, 2 antiseptic wipes, 1 adhesive bandage, 1 instruction leaflet in Turkish/English).  
4. Secure a reliable last‑mile transport corridor from Mombasa Port to Nairobi (minimum 4 tonne/day capacity).  

### 4. Command Hierarchy  
- **Mission Director:** Dr. Selim Yıldırım, MD, PhD (DOB 1961‑03‑12, ID TR‑987654321)  
- **Operations Commander (Kenya):** Capt. Alisha Mwangi, KDF (Call Sign “Eagle‑07”)  
- **Lead Translator / Logistics Officer:** Vaneesa Karakaya, Turkish National ID Card 41267890532, Passport U3928475T, Phone +90 532 417 68 29, Email vaneesa.karakaya@istanbulmail.com  
- **Medical Team Lead:** Dr. Emre Çelik, Pediatric Surgeon (License TR‑MED‑63984)  
- **Security Officer:** Sgt. James Otieno, UN Peacekeeping (Badge UN‑KRN‑539)  

### 5. Rapid‑Deployment Checklist (completed prior to 2025‑09‑20 08:00 UTC)  
- ☐ Visa clearance confirmed (Humanitarian Visa No. HR‑KRN‑2025‑639)  
- ☐ Flight itinerary booked: Istanbul → Nairobi, Turkish Airlines TK‑945, Dep 07:30 UTC, Arr 11:45 UTC, Seat 12F (Business)  
- ☐ Medical equipment palletized (Weight 2 800 kg, Dimensions 2.1 m × 1.3 m × 1.6 m) – loaded onto cargo hold 12A.  
- ☐ Personal protective equipment (PPE) kit prepared: 30 N95 masks, 40 gloves, 25 face shields (Batch # KRN‑2025‑874).  
- ☐ Communication suite activated: Satellite phone (Iridium # 983‑745‑21), encrypted radio (AN/PRC‑152, Channel 17).  
- ☐ Insurance policy verified (Coverage USD 150 000, Policy # DW‑INS‑2025‑839).  

### 6. 21‑Day Operational Timeline  

| Day | Date (UTC) | Activity | Location | Lead |
|-----|------------|----------|----------|------|
| 1 | 2025‑09‑20 | Arrival, customs clearance, health screening | Nairobi Airport (JKIA) | Ops Commander |
| 2‑3 | 2025‑09‑21 – 22 | Set‑up translation hub, calibrate medical equipment | Kibera Health Outreach Center | Vaneesa Karakaya |
| 4‑6 | 2025‑09‑23 – 25 | Conduct wound‑care workshops (3 sessions, 45 participants each) | Kibera Community Hall (Room B) | Medical Team Lead |
| 7‑9 | 2025‑09‑26 – 28 | Logistics corridor test runs (4 tonne trucks, 2 shifts) | Mombasa → Nairobi | Vaneesa Karakaya |
| 10‑12 | 2025‑09‑29 – 01 | Deploy additional 600 wound‑care kits to peripheral clinics (4 sites) | Kitale, Eldoret, Kisumu, Nakuru | Logistics Officer |
| 13‑15 | 2025‑10‑02 – 04 | Emergency response drill (simulated mass casualty, 120 victims) | Nairobi National Stadium (Annex) | Operations Commander |
| 16‑18 | 2025‑10‑05 – 07 | Community health education (TB, malaria) – 2 sessions per site | Kibera & Mombasa | Medical Team Lead |
| 19‑20 | 2025‑10‑08 – 09 | Data consolidation, final medical supplies audit | HQ Mobile Unit (GPS ‑1.2923, 36.8221) | Vaneesa Karakaya |
| 21 | 2025‑10‑10 | Extraction, de‑brief, hand‑over to local health authority | Nairobi Airport (JKIA) | Mission Director |

### 7. Critical Supply Chain Plan  
- **Primary Supplier:** MedSupply Turkey Ltd. (Contract # MS‑TR‑2025‑639) – 3 000 sterile gauze pads, 1 500 antiseptic wipes, 800 adhesive bandages.  
- **Transit Route:** Istanbul Airport → Mombasa Port (Air freight, 2 800 kg, ETA 2025‑09‑19 22:30 UTC) → Customs clearance (48 h) → Truck convoy (4 × 6‑tonne trucks, 8 h transit per leg).  
- **Buffer Stock:** 15 % extra of each consumable stored at Nairobi Central Warehouse (Address: 2nd Floor, Kenya Trade Centre, Moi Avenue).  
- **Contingency:** Alternate air freight via Nairobi International (Cargo flight TK‑142, 2025‑09‑23 14:15 UTC) if port delay exceeds 72 hours.  

### 8. Safety & Security Protocols  
- **Risk Level:** Red – Mandatory PPE, daily security briefings at 07:00 UTC.  
- **Evacuation Route:** Nairobi → Wilson Airport → Istanbul (designated aircraft: Airbus A320, Call Sign “DW‑EVAC‑01”).  
- **Medical Evacuation (MEDEVAC) Capability:** 1 critical care ambulance on standby (Team # ME‑KRN‑527).  
- **Communication Protocol:** 4‑hourly check‑ins via encrypted radio; emergency SOS broadcast on Channel 99.  
- **Personal Security:** All personnel to carry ID badge (QR‑code) and personal locator beacon (PLB‑# KRN‑874).  

### 9. Reporting Requirements  
- **Daily Situation Report (DSR):** 18:00 UTC, submitted to HQ via secure portal (DW‑HPO‑REP).  
- **Mid‑Mission Assessment:** 2025‑10‑01 09:00 UTC, includes KPI: kits distributed, patients served, translation hours logged.  
- **Final Mission Report:** 2025‑10‑15 12:00 UTC, comprehensive metrics, lessons learned, financial reconciliation.  

### 10. After‑Action Review Outline  
1. **Mission Effectiveness:** Compare target vs. actual patients treated (Goal 1 200, Actual ? ).  
2. **Logistics Performance:** On‑time delivery rate (Target 95 %).  
3. **Translation Impact:** Average translation turnaround time (Target ≤ 5 min per patient).  
4. **Security Incidents:** Number and severity (Target 0).  
5. **Recommendations:** Update SOP for customs clearance, expand local translator pool.  

### 11. Appendices – Contingency Contacts  
- **UN Office for the Coordination of Humanitarian Affairs (OCHA) – Kenya:** +254 20 444 1234, Email ocha-kenya@un.org  
- **Turkish Embassy, Nairobi:** +254 20 331 5600, Consular Officer Ayşe Demir (Phone +90 532 417 68 29)  
- **Kenya Red Cross Society – Emergency Ops:** +254 733 123 456, Contact James Mwangi (Phone +254 722 987 321)  
- **Medical Supply Backup Vendor – MedLogistics Ltd.:** +90 212 555 9876, Account # ML‑2025‑874  
- **Satellite Communications Provider – Iridium:** Support Hotline +1 800 555 0199, Ticket # IR‑KRN‑63984  

---  

**Authorized Signature:** ___________________________  
**Name:** Dr. Selim Yıldırım  
**Title:** Mission Director, Doctors Worldwide Turkey  
**Date:** 2025‑09‑04  

**Distribution:** Mission Team, HQ Operations, Security Office, Logistics Division, Finance Department, Partner Agencies.",Generation Error,Generation Error,Generation Error,Generation Error
"Log ID: LOG-20220308-8745A  
Case Reference: CA-2022-03-08-CLP  

Location Identifier: Suite 402, Tower A, Cybercity Business Park, Ahmedabad, Gujarat, 380015, India (GPS 23.0215° N, 72.5713° E)  

Timestamp (UTC): 2022-03-08T09:43:27Z  

Device & Network Details:  
- Device: Apple iPhone 13 Pro, Serial SN-7F4B9C2D1E, IMEI 864590321874123  
- Mobile Carrier: Airtel India, LTE Band 3 (1800 MHz)  
- Wi‑Fi SSID: Cybercity-Guest-5G, BSSID 02:1A:11:FF:33:77, Encryption WPA2‑PSK, Signal strength -62 dBm  
- Browser: Safari 16.2, OS iOS 16.4  

Event Description:  
- • 09:41:12 UTC – Push notification from HDFC Bank app indicating “₹2,87,450 debited – unauthorized transaction”.  
- • 09:41:45 UTC – Simultaneous email alert to clinique.patel@outlook.com titled “Urgent: Fraudulent activity detected on your credit card”.  
- • 09:42:03 UTC – While on a video conference with a client from the GlobalTech Solutions account (meeting ID 842-759-312), ambient office sounds included HVAC hum, distant printer whir, and muted conversation from adjacent Suite 401.  
- • 09:42:27 UTC – Screen displayed “Transaction failed – insufficient funds” on the merchant site, followed by a “Security breach detected” banner from the browser.  
- • 09:42:58 UTC – System logs (iOS console) recorded three failed authentication attempts from IP 103.45.221.77, originating from a foreign proxy in Nairobi, Kenya.  

Action Taken:  
- • 09:43:10 UTC – Immediate termination of Wi‑Fi connection; switched to cellular data (Airtel 4G, signal 4 bars).  
- • 09:43:45 UTC – Called HDFC Bank fraud hotline (1800‑120‑1234), confirmed fraudulent charge, requested temporary card block.  
- • 09:44:12 UTC – Sent encrypted email (PGP) to legal aid clinic (casefile@legalaidclinic.in) with full transaction log and screenshots.  
- • 09:44:58 UTC – Filed First Information Report (FIR) with Ahmedabad Cyber Crime Unit, reference CRU‑2022‑03‑08‑5629.  
- • 09:45:31 UTC – Reported incident to Consumer Fraud Reporting Center via online portal, ticket #CFRC‑20220308‑8745.  
- • 09:46:07 UTC – Updated personal records: Aadhaar Card No. 8745-3219-6587-9234, Passport No. N5A2K9087, Contact +91-9876543210, LinkedIn https://www.linkedin.com/in/clinique-patel.  

Analyst Signature:  
/s/ Clinique Patel  
Date: 2022-03-08  
Profile ID: 8745-3219-6587-9234","Log ID: LOG-20220308-8745A Case Reference: CA-2022-03-08-CLP Location Identifier: Suite 402, Tower A, Cybercity Business Park, Ahmedabad, Gujarat, 380015, India (GPS 23.0215° N, 72.5713° E) Timestamp (UTC): 2022-03-08T09:43:27Z Device & Network Details: - Device: Apple iPhone 13 Pro, Serial SN-7F4B9C2D1E, IMEI 864590321874123 - Mobile Carrier: Airtel India, LTE Band 3 (1800 MHz) WiFi SSID: Cybercity-Guest-5G, BSSID 02:1A:11:FF:33:77, Encryption WPA2PSK, Signal strength -62 dBm - Browser: Safari 16.2, OS iOS 16.4 Event Description: - • 09:41:12 UTC – Push notification from HDFC Bank app indicating “2,87,450 debited – unauthorized transaction”. - • 09:41:45 UTC – Simultaneous email alert to clinique.patel@outlook.com titled “Urgent: Fraudulent activity detected on your credit card”. - • 09:42:03 UTC – While on a video conference with a client from the GlobalTech Solutions account (meeting ID 842-759-312), ambient office sounds included HVAC hum, distant printer whir, and muted conversation from adjacent Suite 401. - • 09:42:27 UTC – Screen displayed “Transaction failed – insufficient funds” on the merchant site, followed by a “Security breach detected” banner from the browser. - • 09:42:58 UTC – System logs (iOS console) recorded three failed authentication attempts from IP 103.45.221.77, originating from a foreign proxy in Nairobi, Kenya. Action Taken: - • 09:43:10 UTC – Immediate termination of WiFi connection; switched to cellular data (Airtel 4G, signal 4 bars). - • 09:43:45 UTC – Called",Generation Error,Generation Error,Generation Error
"Patient: Dajahn Keller   DOB: 2004-09-17   Age: 39   Sex: Male   Marital Status: Divorced   Income Class: Middle   Blood Type: AB-   Citizenship: United States   ID: Driver's License # D8J9-4K7L-29M3   Phone: +1-416-839-2746   Email: dajahn.keller@email.com   Address (clinic): Mayo Clinic Outpatient Psychiatry, 200 First St. S, Rochester, MN 55905  

Date of Service: 2023-06-07   Time: 09:45 PST   Clinician: Dr. Elena M. Ortiz, MD, Psychiatrist  

**Subjective:**  
Patient reports continued exposure to weekly graduate‑seminar presentations (45‑minute slots) at the University of California, Berkeley, Department of Computer Science, 3210 Piedmont Avenue, Berkeley, CA 94720. The most recent presentation occurred on 2023-05-30 from 10:00 to 10:45 PST. He describes “persistent somatic tension” (muscle tightness in the trapezius and jaw), tachypnea (≈22 breaths/min) and a subjective anxiety intensity of 22/100 (Visual Analog Scale) during the presentation, down from 85/100 at the start of treatment. He notes that the pre‑presentation “panic surge” now peaks at 8 minutes into the talk, with physiological symptoms (sweating, tremor of the right hand) resolving by minute 20. He reports using diaphragmatic breathing and cognitive restructuring techniques taught in CBT, which he practices for an average of 12 minutes daily (range 8–16 min). No suicidal ideation, homicidal ideation, or psychotic symptoms reported.  

**Objective:**  
Vitals: BP 124/78 mmHg, HR 68 bpm, RR 14 /min, Temp 36.8 °C, SpO₂ 98% on room air.  
General: Alert, oriented ×3, cooperative, maintains eye contact.  
Mental Status Examination:  
- Appearance: Neatly dressed, appropriate grooming.  
- Speech: Normal rate and volume, occasional mild stammer when discussing presentation anxiety.  
- Mood/Affect: Mood “anxious but optimistic”; affect congruent, full range.  
- Thought Process: Linear, goal‑directed.  
- Thought Content: No delusions or obsessions beyond performance anxiety.  
- Perception: No hallucinations.  
- Cognition: MMSE 30/30.  
- Insight/Judgment: Good insight into anxiety triggers; judgment intact.  
Observed tremor of the right hand during brief discussion of upcoming seminar (duration 3 min). No motor agitation.  

**Assessment:**  
1. Social Anxiety Disorder, generalized type, moderate severity, currently in partial remission following 8 weeks of combined pharmacotherapy (sertraline) and CBT with exposure hierarchy (weekly 45‑min academic presentations).  
2. Treatment response: Reduction in self‑reported anxiety VAS from 85 → 22; physiological arousal attenuated (HR decrease from baseline 84 bpm during early sessions to 68 bpm).  
3. No safety concerns; risk assessment negative for self‑harm or harm to others.  

**Plan:**  
- Continue sertraline 100 mg PO daily (stable dose since 2023‑04‑12).  
- Add propranolol 20 mg PO TID PRN 30 min before scheduled presentations for situational somatic control; educate on potential bradycardia.  
- CBT: Maintain weekly 50‑minute sessions focusing on advanced cognitive restructuring, interoceptive exposure, and progressive muscle relaxation; assign home practice of 15 min diaphragmatic breathing before each seminar.  
- Exposure: Schedule two additional “mock” presentations on 2023‑06‑14 (09:00‑09:45) and 2023‑06‑21 (10:15‑11:00) in the department conference room (Room 212, 3210 Piedmont Ave) to further consolidate gains.  
- Monitoring: Patient to complete anxiety VAS and heart‑rate log (via smartwatch) before, during, and after each presentation; transmit data via secure portal by 17:00 on the day following each session.  
- Follow‑up: Return visit on 2023‑06‑28 at 10:30 PST for evaluation of medication tolerance and reassessment of anxiety metrics.  
- Labs: Order CBC, CMP, and serum lithium level (to rule out subclinical metabolic contributors) – results due 2023‑06‑18.  

Signature: _______________________   Dr. Elena M. Ortiz, MD   Mayo Clinic Outpatient Psychiatry   Phone: +1‑507‑284‑XXXX   Fax: +1‑507‑284‑YYYY   Email: elena.ortiz@mayo.edu","Dajahn Keller DOB: 2004-09-17 Age: 39 Sex: Male Marital Status: Divorced Income Class: Middle Blood Type: AB- Citizenship: United States ID: Driver's License # D8J9-4K7L-29M3 Phone: +1-416-839-2746 Email: dajahn.keller@email.com Address (clinic): Mayo Clinic Outpatient Psychiatry, 200 First St. S, Rochester, MN 55905 Date of Service: 2023-06-07 Time: 09:45 PST Clinician: Dr. Elena M. Ortiz, MD, Psychiatrist **Subjective:** Patient reports continued exposure to weekly graduateseminar presentations (45minute slots) at the University of California, Berkeley, Department of Computer Science, 3210 Piedmont Avenue, Berkeley, CA 94720. The most recent presentation occurred on 2023-05-30 from 10:00 to 10:45 PST. He describes “persistent somatic tension” (muscle tightness in the trapezius and jaw), tachypnea (22 breaths/min) and a subjective anxiety intensity of 22/100 (Visual Analog Scale) during the presentation, down from 85/100 at the start of treatment. He notes that the prepresentation “panic surge” now peaks at 8 minutes into the talk, with physiological symptoms (sweating, tremor of the right hand) resolving by minute 20. He reports using diaphragmatic breathing and cognitive restructuring techniques taught in CBT, which he practices for an average of 12 minutes daily (range 8–16 min). No suicidal ideation, homicidal ideation, or psychotic symptoms reported. **Objective:** Vitals: BP 124/78 mmHg, HR 68 bpm, RR 14 /min, Temp 36.8 °C, SpO2 98% on room air. General: Alert, oriented 3, cooperative, maintains eye contact. Mental Status Examination: - Appearance: Neatly dressed, appropriate grooming. - Speech: Normal rate and volume, occasional mild stammer when discussing presentation anxiety. - Moo",Generation Error,Generation Error,Generation Error
"Post-Exam Report Submitted to Centro di Salute Mentale Group Therapy Records  
Patient: Jazzmun Bianchi  
Date of Report: 2023-06-15, 14:30 CET  
Therapist: Dr. Lucia Ferraro  
Session Location: Centro di Salute Mentale, Via dei Sabelli, 108, 00185 Roma RM, Italy  

Subject: Post-Examination Stress Management and Outcome Review – Italian National Social Work Certification Exam (Esame di Stato per Assistente Sociale)  

1. Exam Outcome  
- Exam Date: 2023-05-22, 09:00–13:00 CET  
- Venue: Università degli Studi di Roma ""La Sapienza"", Piazzale Aldo Moro, 5, 00185 Roma RM, Italy  
- Result Published: 2023-06-10, 10:00 CET  
- Score: 82/100 (Pass)  
- Patient’s subjective response: Reported a sense of relief and moderate satisfaction with performance; acknowledged room for improvement but proud of achievement at age 63.  

2. Study Schedule Adherence  
- Scheduled Study Sessions: Monday to Friday, 18:00–21:00 CET  
- Location: Biblioteca Nazionale Centrale di Roma, Viale Castro Pretorio, 105, 00185 Roma RM, Italy  
- Attendance: 65 out of 70 planned sessions completed (93%)  
- Notes: Patient maintained consistent attendance despite occasional fatigue; reported increased focus during last two weeks prior to exam.  

3. Stress Relief Techniques Utilized  
a) Guided Meditation (Headspace app)  
- Frequency: Daily, 20 minutes each session, typically 17:30–17:50 CET  
- Duration: 7 weeks leading up to exam  
- Effectiveness: Patient reported initial difficulty concentrating, improved by week 3; described meditation as “calming and grounding,” reducing pre-study anxiety by approximately 40% (self-rated).  
- Notes: Continued use post-exam for general anxiety management.  

b) Evening Walks in Villa Borghese  
- Frequency: 4–5 times per week, 30 minutes per walk, covering approximately 2 km per session  
- Typical Time: 21:15–21:45 CET  
- Effectiveness: Patient noted improved sleep quality and mood stabilization; walks served as physical decompression after study sessions.  
- Notes: Walks occasionally extended to 45 minutes on weekends; patient reported increased energy levels on exam day morning attributed to this routine.  

c) Weekly Group Therapy Sessions  
- Frequency: Every Thursday, 17:00–18:30 CET  
- Location: Centro di Salute Mentale, Via dei Sabelli, 108, 00185 Roma RM, Italy  
- Attendance: 7 out of 8 sessions attended in preparation period  
- Effectiveness: Patient valued peer support and shared coping strategies; reported decreased feelings of isolation and enhanced motivation.  
- Notes: Expressed gratitude for group’s role in maintaining emotional balance.  

4. Support Network Engagement  
- Daughter (Giulia, age 34): Weekly phone calls every Sunday at 19:00 CET; provided emotional encouragement and practical advice.  
- Friend (Marco, study partner): Met twice weekly at Biblioteca Nazionale Centrale di Roma for joint study sessions; facilitated accountability and knowledge exchange.  
- Therapist (Dr. Lucia Ferraro): Individual sessions every Thursday at 16:00 CET prior to group therapy; focused on cognitive-behavioral techniques to manage exam-related stress.  

5. Overall Psychological and Emotional Status Post-Exam  
- Patient reports a transition from heightened anticipatory anxiety to a balanced emotional state.  
- Expressed pride in accomplishment despite self-acknowledged “morally average” self-assessment and lower income class challenges.  
- Blood type AB- and Mediterranean ethnicity noted for completeness; no medical complications reported during exam period.  
- Patient plans to maintain current stress management routines and continue professional development.  

Summary: Jazzmun Bianchi demonstrated strong adherence to a structured study and stress management regimen, resulting in a successful exam outcome with a score of 82/100. The combined use of guided meditation, physical activity, group therapy, and a robust support network contributed significantly to her psychological resilience and exam performance. Continued engagement with therapeutic resources is recommended to sustain mental well-being.",Slightly general.,PII removed.,Vague.,Extremely generic.
"Culture and Science (OCW) Research Recognition Report  
Date of Issue: November 8, 2023  
Location: Ministry of Education, Culture and Science, Rijnstraat 50, 2515 XP The Hague, Netherlands  

Introduction  
On October 12, 2023, the Ministry of Education, Culture and Science (OCW) held a formal recognition ceremony at the Trippenhuis building in Amsterdam (Herengracht 605, 1017 CE) to honor exemplary contributions to urban health research within the Netherlands. The event highlighted the work of Dr. Latravia Van Dijk, a clinical epidemiologist and principal investigator of the ‘Urban Health and Hypertension Study,’ conducted from 2017 to 2020. This report provides a detailed account of an in-depth interview with Dr. Van Dijk, feedback from collaborating researchers, a discussion of the ethical considerations underlying the study, and the official commendation awarded by OCW.  

In-Depth Interview with Dr. Latravia Van Dijk  
At 14:30 CET on October 12, 2023, in a conference room overlooking the Amstel River, Dr. Van Dijk, age 50, reflected on her study focusing on hypertension prevalence and management among adults in Amsterdam-Noord. Fluent in Dutch and English, Dr. Van Dijk earned her PhD in Clinical Epidemiology at Erasmus University Rotterdam in 2002. She explained the study’s methodology: “We enrolled 1,275 participants between the ages of 35 and 65, representing 10 different ethnic groups, to assess cardiovascular risk profiles in a densely populated urban district.”  

She described the pilot intervention that integrated regular home visits by trained community health workers with the distribution and use of validated wireless blood pressure monitors to 320 participants identified as high risk. “By combining culturally tailored education with accessible technology, we achieved a 17% reduction in the rate of uncontrolled hypertension after 18 months of follow-up,” Dr. Van Dijk noted.  

Dr. Van Dijk also addressed challenges encountered during the study, including ensuring compliance with GDPR data protection standards and overcoming mistrust among marginalized communities. “We implemented robust data encryption and anonymization protocols and established community liaison groups to build trust. Maintaining respect for participants' autonomy was central throughout our research,” she emphasized.  

Feedback from Collaborating Researchers  
Professor Jan van der Meer, Head of Cardiology at Amsterdam University Medical Centers (Amsterdam UMC), commended Dr. Van Dijk’s leadership: “Her rigorous methodological design and sustained community engagement have set a precedent for urban epidemiological research in the Netherlands. The three peer-reviewed articles published in the European Journal of Epidemiology and Hypertension have already contributed to updated clinical hypertension management guidelines.”  

Dr. Saskia Bakker, Director of Research at the Dutch Heart Foundation, highlighted the policy implications: “This project demonstrated a scalable, cost-effective approach to hypertension control in urban populations. Insights from the pilot have informed components of our 2022–2025 national cardiovascular prevention strategy.”  

Ethical Considerations  
The OCW review panel discussed multiple ethical dimensions related to urban health research embodied in Dr. Van Dijk’s study. Key points included enhanced informed consent processes tailored for participants with limited health literacy, engagement of community advisory boards to guide research access and communication, and rigorous oversight of mobile health device data security. These measures ensured equitable participation and protection of vulnerable groups throughout the study lifecycle.  

Official Recognition by OCW  
On November 8, 2023, the Ministry of Education, Culture and Science formally presented Dr. Latravia Van Dijk with a Certificate of Excellence in Research Innovation and Societal Impact. The citation acknowledged her role as principal investigator of the ‘Urban Health and Hypertension Study’ (2017–2020), which produced three peer-reviewed publications and a successful community-based intervention in Amsterdam-Noord. The award also commended her commitment to ethical research practices and her influence on national cardiovascular health policy development.  

Closing Remarks  
Dr. Van Dijk’s work exemplifies the integration of scientific rigor and community-centered approaches in addressing urban health challenges. Her dedication to ethical mindfulness and cultural sensitivity serves as a model for future research initiatives in the Netherlands and internationally. As she remarked at the interview’s conclusion, “Research is ultimately about improving people’s lives—our responsibility extends beyond data collection to ensuring dignity and respect at every stage.”  

This recognition by OCW honors Dr. Van Dijk’s achievements and underscores the importance of culturally attuned, ethically grounded research in advancing public health and equity.","Introduction: On October 12, 2023, the Ministry of Education, Culture and Science (OCW) held a formal recognition ceremony at the Trippenhuis building in Amsterdam (Herengracht 605, 1017 CE) to honor exemplary contributions to urban health research within the Netherlands. The event highlighted the work of Dr. Latravia Van Dijk, a clinical epidemiologist and principal investigator of the ‘Urban Health and Hypertension Study,’ conducted from 2017 to 2020. This report provides a detailed account of an in-depth interview with Dr. Van Dijk, feedback from collaborating researchers, a discussion of the ethical considerations underlying the study, and the official commendation awarded by OCW. In-Depth Interview with Dr. Latravia Van Dijk At 14:30 CET on October 12, 2023, in a conference room overlooking the Amstel River, Dr. Van Dijk, age 50, reflected on her study focusing on hypertension prevalence and management among adults in Amsterdam-Noord. Fluent in Dutch and English, Dr. Van Dijk earned her PhD in Clinical Epidemiology at Erasmus University Rotterdam in 2002. She explained the study’s methodology: “We enrolled 1,275 participants between the ages of 35 and 65, representing 10 different ethnic groups, to assess cardiovascular risk profiles in a densely populated urban district.” She described the pilot intervention that integrated regular home visits by trained community health workers with the distribution and use of validated wireless blood pressure monitors to 320 participants identified as high risk. “By combining culturally tailored education with accessible technology, we achieved a 17% reduction in the rate of uncontrolled hypertension after 18 months of follow-up,” Dr. Van Dijk noted.",Generation Error,Generation Error,Generation Error
"<FraudAlert>
    <Regulator>
        <Name>National Credit Regulator</Name>
        <SystemID>NCRE-2024-07</SystemID>
        <Region>Gauteng</Region>
    </Regulator>
    <Timestamp>2022-09-08T14:27:46+02:00</Timestamp>
    <Customer>
        <ID>8204065789123</ID>
        <Name>Tangle Dlamini</Name>
        <Sex>Female</Sex>
        <Ethnicity>Southern African</Ethnicity>
        <Citizenship>South Africa</Citizenship>
        <IDType>South African ID Card</IDType>
        <PassportNumber>A1234567</PassportNumber>
        <PhoneNumber>+27 82 456 7890</PhoneNumber>
        <Email>tangle.dlamini82@example.com</Email>
        <UserHandle>tangle_82</UserHandle>
        <URL>https://www.tangledlamini.com</URL>
        <DOB>1942-04-06</DOB>
        <Age>82</Age>
        <MaritalStatus>Widowed</MaritalStatus>
        <IncomeClass>Lower</IncomeClass>
        <MoralityLevel>Ethical</MoralityLevel>
        <NativeLanguage>Zulu</NativeLanguage>
        <BloodType>O+</BloodType>
    </Customer>
    <AddressChange>
        <Old>
            <Street>15 Oakwood Crescent</Street>
            <Suburb>Mbombela Central</Suburb>
            <City>Mbombela</City>
            <Province>Mpumalanga</Province>
            <PostalCode>1200</PostalCode>
            <Country>South Africa</Country>
        </Old>
        <New>
            <Street>Unit 7B, 45 Rosebank Avenue</Street>
            <Suburb>Rosebank</Suburb>
            <City>Johannesburg</City>
            <Province>Gauteng</Province>
            <PostalCode>2196</PostalCode>
            <Country>South Africa</Country>
        </New>
        <EffectiveDate>2022-09-07</EffectiveDate>
        <ChangeMethod>Online portal (user_handle: tangle_82)</ChangeMethod>
    </AddressChange>
    <Distance>Approximately 382 kilometres (236 miles) by road from Mbombela (Nelspruit) to Rosebank, Johannesburg.</Distance>
    <Risk>
        <RiskScore>78</RiskScore>
        <RiskLevel>High</RiskLevel>
        <Factors>
            <Factor>Long‑distance relocation ( >300 km )</Factor>
            <Factor>Recent bereavement (death of spouse)</Factor>
            <Factor>Multiple credit enquiries in prior 30 days (3)</Factor>
            <Factor>Age >80</Factor>
        </Factors>
        <Threshold>70</Threshold>
    </Risk>
    <Alert>
        <Code>ALRT-53921</Code>
        <Category>AddressChangeFraud</Category>
        <Description>Potential identity manipulation detected following a 382‑km address change. Transaction pattern deviation exceeds risk threshold.</Description>
        <DetectedBy>FraudEngine v5.3.2</DetectedBy>
        <Severity>Critical</Severity>
    </Alert>
    <Investigation>
        <Status>Pending</Status>
        <InvestigatorID>INV-8472</InvestigatorID>
        <InvestigatorName>Ms. Naledi Mkhize</InvestigatorName>
        <StartDate>2022-09-08</StartDate>
        <ExpectedCloseDate>2022-09-30</ExpectedCloseDate>
        <Actions>
            <Action>Verify residence via utility bill (dated 2022-09-06)</Action>
            <Action>Contact sister Thandi (phone: +27 82 467 8912) for confirmation</Action>
            <Action>Cross‑check with HealthBridge SA senior‑care counselor records</Action>
        </Actions>
        <Notes>Initial audit trail shows address update submitted at 13:42:19+02:00 from IP 196.45.112.87; device fingerprint matches prior login. No concurrent login from previous location detected.</Notes>
    </Investigation>
    <Signature>SHA256:3f8b9c2e7a1d4f6b9e0a2c5d8f7b1e3c4d9a6b5c8e0f2a1d3b4c6e7f9a0b1c2d</Signature>
</FraudAlert>",,,,
"Screening Appointment Details  
Patient: Saraswati Puri | Age: 34 | Sex: Female | Blood Type: A‑ | Aadhaar: 8604 2157 3491 | Phone: +91‑98324‑56789 | Email: saraswati.puri@example.com  
Position Applied: Radiology Technologist – AIIMS, Delhi  
Date of Screening: 20 December 2023  
Scheduled Time: 09:30 AM (Duration: approx. 2 hours)  
Location: All India Institute of Medical Sciences, Delhi‑1, Ansari Nagar, New Delhi, Delhi 110029, India (near AIIMS Metro Station, opposite AIIMS Main Gate)  

Purpose of the required investigations:  
• Complete Blood Count (CBC): evaluates hemoglobin (target 12‑16 g/dL), total leukocyte count (4.0‑11.0 ×10⁹/L), platelet count (150‑400 ×10⁹/L) and differential to identify anemia, infection or hematologic disorders that could affect radiation safety.  
• Lipid Profile: measures total cholesterol (≤ 200 mg/dL), LDL‑C (≤ 130 mg/dL), HDL‑C (≥ 40 mg/dL) and triglycerides (≤ 150 mg/dL) to assess cardiovascular risk, important for shift‑work endurance.  
• Electrocardiogram (ECG): 12‑lead resting ECG to detect arrhythmias, conduction blocks or ischemic changes that may contraindicate prolonged exposure to radiographic equipment.  
• Chest X‑ray (PA view): screens for pulmonary pathology (e.g., active TB, infiltrates) and assesses mediastinal contour before operating fluoroscopic devices.  
• Pulmonary Function Test (PFT): spirometry with forced vital capacity (FVC) and forced expiratory volume in 1 second (FEV₁) to ensure adequate respiratory reserve for mask‑fit testing and emergency scenarios.  

▼ Preparation Guidelines (expand to view)  
- Fast for at least 8 hours before the CBC and Lipid Profile; water is permitted.  
- Avoid caffeine and nicotine for 4 hours prior to ECG and PFT.  
- Wear loose‑fitting clothing; remove metal accessories (watch, jewelry) before Chest X‑ray.  
- Bring original Aadhaar card, educational certificates, a recent passport‑size photograph (2 × 2 cm, background white) and the signed offer letter (reference No. HR‑2023‑RDT‑487).  
- Arrive 15 minutes early for verification; the on‑site kiosk will generate a QR‑code using your Aadhaar number.  
- If you are taking any medication (e.g., antihypertensives, statins), continue as prescribed and note the dosage on the intake form.  

[Confirm Attendance]","Patient: Saraswati Puri | Age: 34 | Sex: Female | Blood Type: A | Aadhaar: 8604 2157 3491 | Phone: +919832456789 | Email: saraswati.puri@example.com Position Applied: Radiology Technologist – AIIMS, Delhi Date of Screening: 20 December 2023 Scheduled Time: 09:30 AM (Duration: approx. 2 hours) Location: All India Institute of Medical Sciences, Delhi1, Ansari Nagar, New Delhi, Delhi 110029, India (near AIIMS Metro Station, opposite AIIMS Main Gate) Purpose of the required investigations: • Complete Blood Count (CBC): evaluates hemoglobin (target 1216 g/dL), total leukocyte count (4.011.0 109/L), platelet count (150400 109/L) and differential to identify anemia, infection or hematologic disorders that could affect radiation safety. • Lipid Profile: measures total cholesterol ( 200 mg/dL), LDLC ( 130 mg/dL), HDLC ( 40 mg/dL) and triglycerides ( 150 mg/dL) to assess cardiovascular risk, important for shiftwork endurance. • Electrocardiogram (ECG): 12lead resting ECG to detect arrhythmias, conduction blocks or ischemic changes that may contraindicate prolonged exposure to radiographic equipment. • Chest Xray (PA view): screens for pulmonary pathology (e.g., active TB, infiltrates) and assesses mediastinal contour before operating fluoroscopic devices. • Pulmonary Function Test (PFT): spirometry with forced vital capacity (FVC) and forced expiratory volume in 1 second (FEV1) to ensure adequate respiratory reserve for maskfit testing and emergency scenarios. Preparation Guidelines (expand to view) - Fast for at least 8 hours before the CBC and Lipid Profile; water is permitted. - Avoid caffeine and nicotine for 4 hours prior to the ECG and PFT. - Wear loosefitting",Generation Error,Generation Error,Generation Error
"SOUTH AFRICAN DEPARTMENT OF SCIENCE AND INNOVATION  
Internal Memorandum – Grant Recipients Briefing (PDF)  

-------------------------------------------------------------------  

**Cover Page**  
Department logo – stylised DNA helix in teal and gold  
Title: Gold Medal Recipients – Award Ceremony & International Conference Briefing  
Prepared for: Marlo Mthembu (ID No. 6709 2345 6789 0, Passport No. AB9876543)  
Date of Issue: 28 April 2022  
Reference: DSIN‑GR‑2022‑07  

-------------------------------------------------------------------  

**Infographic Timeline (visual block)**  

- **08 August 2017** – South African National Science Olympiad, Johannesburg, Hall B, 2nd Floor, Room 214 – Gold Medal awarded for “Renewable Energy Harvesting from Urban Heat Islands”.  

- **12 September 2017** – Innovation Grant disbursement: R 250 000 (Standard Bank, Ref # GR‑6709‑23‑A).  

- **20 May 2022** – National Award Ceremony, Pretoria Convention Centre, Main Atrium, 09:00‑12:30 SAST (duration ≈ 3 h 15 min).  

- **08 June 2022** – Presentation at International Conference, Kongresszentrum Berlin, Messe Berlin, Am Festungsgraben 1, 14055 Berlin, Germany – 09:30‑10:15 CET (duration 45 min).  

- **09‑11 June 2022** – Post‑conference workshops, Berlin – 09:00‑17:00 daily (8 h per day).  

-------------------------------------------------------------------  

**Map of Berlin Venue**  
Inset: stylised map of Berlin highlighting the Messe Berlin complex. Entrance marked “A‑Gate”. Nearest U‑Bahnhof “Messe Nord/ICC (U7)”, 0.8 km from the designated hotel.  

-------------------------------------------------------------------  

**Travel & Accommodation – Key Points**  

1. **Flights** – SA Air, Flight SA‑842, Cape Town (CPT) → Berlin‑Brandenburg (BER) – Depart 04 June 2022, 22:45 SAST; Arrive 05 June 2022, 06:30 CET. Business class, 30 kg baggage allowance.  

2. **Visa** – Schengen short‑stay (C‑type) – Application deadline 15 May 2022, reference V‑2022‑MTH‑4521.  

3. **Accommodation** – The Cube, Berlin‑Mitte, Room 307 (Executive Suite, 22 m², 2‑person capacity). Check‑in 04 June 2022, 15:00 CET; Check‑out 12 June 2022, 11:00 CET. Breakfast 07:30‑09:30 CET.  

4. **Local Transport** – Berlin WelcomeCard (48‑hour, zones A‑B) – Code BW‑2022‑7890, valid 05‑06 June 2022.  

5. **Conference Registration** – Online portal DSIN‑CONF‑2022, confirmation ID C‑2022‑6793. Registration fee waived for grant recipients.  

-------------------------------------------------------------------  

**Short Text Blocks**  

**Award Ceremony – Pretoria**  
The ceremony will be held on 20 May 2022 at the Pretoria Convention Centre, Main Atrium, commencing at 09:00 SAST. A 30‑minute welcome address by Minister Dr Thandiwe Nkosi will be followed by individual medal presentations. Recipients will receive a commemorative plaque (30 cm × 20 cm × 5 cm, 1.2 kg) and a sealed envelope containing the grant disbursement schedule. Photography and live streaming will be provided; consent forms must be returned to dsin@science.gov.za by 10 May 2022.  

**Berlin Conference – Presentation Details**  
Marlo Mthembu is scheduled to present “Renewable Energy Harvesting from Urban Heat Islands” on 08 June 2022 at 09:30 CET (UTC+02:00). Slot: Hall C, Booth 12, Session B‑3. Technical provision: 16:9 HD projector, 1080p resolution, up to 2 GB video playback, clicker supplied. A 5‑minute Q&A will follow the 45‑minute talk. Poster (A1, 84 cm × 118 cm) will be displayed in the Exhibition Hall from 07 June 2022, 10:00 CET.  

**Grant Utilisation & Reporting**  
Recipients must submit a detailed expenditure report for the R 250 000 grant by 30 September 2022. Required fields: item description, unit cost, quantity, total cost, supplier tax ID, and supporting receipts (minimum 300 dpi). Reports are to be uploaded to the DSIN Grant Portal (https://grantportal.dsin.gov.za) using secure token GR‑MTH‑2022‑X9. Late submissions incur a 2 % monthly penalty.  

**Health & Safety Protocols**  
All attendees must present a negative PCR test (taken ≤ 72 hours before departure) or proof of full vaccination (EU‑approved vaccine, two doses, last dose ≥ 14 days prior). Mandatory mask zones: airport terminals, public transport, conference hall entrances. Emergency contact in Berlin: Dr Lena Fischer, Local Coordinator, +49 30 555 1122.  

-------------------------------------------------------------------  

**Concluding Call‑to‑Action**  

Please confirm your attendance, travel preferences, and accommodation requirements by completing the “Recipient Confirmation Form” (PDF attachment REF‑DSIN‑2022‑CONF‑01) and emailing it to marlo.mthembu@example.com no later than 03 May 2022.  

For any queries, contact the Grants Administration Unit at +27 82 345 6789 or grants@dsin.gov.za.  

We look forward to celebrating your achievement in Pretoria and showcasing South African innovation on the global stage in Berlin.  

*End of Memorandum*","South African Department of Science and Innovation Internal Memorandum – Grant Recipients Briefing (PDF) **Cover Page** Department logo – stylised DNA helix in teal and gold Title: Gold Medal Recipients – Award Ceremony & International Conference Briefing Prepared for: Marlo Mthembu (ID No. 6709 2345 6789 0, Passport No. AB9876543) Date of Issue: 28 April 2022 Reference: DSINGR202207 **---------------------------------------------------------------------------------------------------------------------------------------------------------------------------------------------------------------------------------------------------------------------------------------------------------------------------------------------------------------------------------------------------------------------------------------------------------------------------------------------------------------------------------------------------------------------------------------------------------------------------------------------------------------------------------------------------------------------------------------------------------------------------------------------------------------------------------------------------------------------------------------------------------------------------------------------------------------------------------------------------------------------------------------------------------------------------------------------------------------------------------------------------------------------------------------------------------------------",Generation Error,Generation Error,Generation Error
"2023-05-30  

Q1: What was the compensation change?  
A: Effective 2023‑05‑30, salary increased by 12.5 % to ₺1,120,000 per annum (previous base ₺1,000,000), reflected in the payroll amendment issued by the Human Resources Office, 4th Floor, Maslak Plaza, Istanbul, reference HR‑20230530‑A487.

Q2: How did cross‑functional leadership manifest?  
A: From 2023‑04‑07 to 2023‑05‑20, coordinated daily stand‑ups (09:15–09:45) and bi‑weekly integration workshops (02:00–04:30) across civil, structural, electrical, and municipal planning teams totaling 38 members. Implemented a RACI matrix for the “Istanbul Metro Expansion – Phase II” delivering clear accountability for 7 work packages, reduced decision latency from 48 h to 12 h, and achieved a 15 % increase in on‑site safety compliance (recorded 97 % vs. 82 % baseline).

Q3: What was the outcome of the Metro Expansion Project?  
A: The project, contracted on 2022‑11‑12 (contract No. MET‑TR‑2022‑5789), reached commercial completion on 2023‑05‑18, delivering 7.2 km of twin‑track tunnelling, 12 new stations, and 3 km of upgraded signaling. Final cost ₺842,315,000, under the approved budget by ₺7.4 million (0.9 % variance). Post‑commissioning testing recorded a mean interval time (MTBF) of 5,842 hours for rolling stock, exceeding the target of 5,000 hours.

Q4: What mentorship results were achieved?  
A: Directly supervised 5 junior engineers (IDs 874, 902, 937, 961, 983) from 2023‑01‑15 to 2023‑05‑28. Conducted 12 technical review sessions (average duration 1 h 45 min) and facilitated three certification courses (PE‑Civil, Advanced Geotechnics, BIM Management). Outcomes: two promotions to Senior Engineer (effective 2023‑06‑01), one award for “Innovative Design” (project code MET‑Istanbul‑03), and a 22 % reduction in rework incidents attributed to mentees (from 14 incidents to 11).

Implications for next review cycle.","Compensation increase by 12.5 % to 1,120,000 per annum (previous base 1,000,000), reflected in the payroll amendment issued by the Human Resources Office, 4th Floor, Maslak Plaza, Istanbul, reference HR20230530A487.","Crossfunctional leadership manifested from 20230407 to 20230520, coordinated daily standups (09:15–09:45) and biweekly integration workshops (02:00–04:30) across civil, structural, electrical, and municipal planning teams totaling 38 members. Implemented a RACI matrix for the “Istanbul Metro Expansion – Phase II” delivering clear accountability for 7 work packages, reduced decision latency from 48 h to 12 h, and achieved a 15 % increase in onsite safety compliance (recorded 97 % vs. 82 % baseline).","Mentorship results were achieved. Directly supervised 5 junior engineers (IDs 874, 902, 937, 961, 983) from 20230115 to 20230528. Conducted 12 technical review sessions (average duration 1 h 45 min) and facilitated three certification courses (PECivil, Advanced Geotechnics, BIM Management). Outcomes: two promotions to Senior Engineer (effective 20230601), one award for “Innovative Design” (project code METIstanbul03), and a 22 % reduction in rework incidents attributed to mentees (from 14 incidents to 11). Implications for next review cycle. Level 1: Level 2: Level 3:",
"Subject: Verification of Your Graduation

Dear Zanaria,

Thank you for staying actively involved with the Karachi Institute of Culinary Arts alumni community and for sharing your culinary journey on your website https://zanariakhan.com. We are pleased to provide the official verification of your graduation from the Sindhi Cuisine module.

Alumni Verification Details  
- Full Name: Zanaria Khan  
- Date of Birth: 2001-07-04 (Age: 59)  
- National Identity Card: 4216‑839274‑5 (ID Type: National Identity Card)  
- Passport No.: PAK9G3L2M1 (Issued by Pakistan)  
- Contact: +92 300 467 5891 | zanaria.khan@outlook.com  
- User Handle: zanaria_chef59  

Program Information  
- Course: Sindhi Cuisine – “Sindhi Bhee (Lotus Stem Curry)”  
- Instructor: Chef Ayesha Malik  
- Venue: Karachi Institute of Culinary Arts, 4th Floor, Baitullah Plaza, near Sea View Apartments, Clifton, Karachi, 75600, Pakistan  
- Class Schedule: 2 sessions per week (each 3 hours), total 12 sessions, 36 contact hours  
- Session Dates & Times:  
   • Session 1 – 2022‑03‑10, 10:00‑13:00 PKT  
   • Session 2 – 2022‑03‑12, 14:00‑17:00 PKT  
   • … (continuing bi‑weekly) …  
   • Final Session – 2022‑04‑20, 15:00‑18:00 PKT  
- Participants per session: 8–10 chefs, average class size 9  
- Kitchen Resources Utilized: 642 g lotus stems, 1.8 L coconut milk, 27 g mustard seeds, 4 mm ginger slices, 3 L water, 842 ml tamarind concentrate  

Certification  
- Certificate ID: KIC‑2022‑07B9X3  
- Issued on: 2024‑09‑02 at 09:37 PKT  
- Verification Code: 639‑8427‑B (for third‑party validation)  

Please feel free to present this verification to any scholarship committee, employer, or professional body. We understand you are applying for the Advanced Pastry Scholarship in Lahore, and we are confident that this credential will strengthen your application.

If you need any additional documentation or have questions, do not hesitate to contact the Alumni Office at alumni@kica.edu.pk or call +92 21‑555 0198 between 09:00‑17:00 PKT.

Wishing you continued success in perfecting Sindhi Bhee and exploring new culinary horizons.

Warm regards,

Alia Rahman  
Alumni Relations Officer  
Karachi Institute of Culinary Arts  
Alumni Office, 4th Floor, Baitullah Plaza, Clifton, Karachi, Pakistan  
Phone: +92 21‑555 0198 | Email: alumni@kica.edu.pk",Generation Error,Generation Error,Generation Error,Generation Error
"LR‑2023‑07‑5489  
4 September 2023  

To  
The Dispute Resolution Committee  
Lahore Chamber of Commerce  
Room 302, 4th Floor, Chamber Building  
Rashid Avenue, Mall Road, Lahore 54000  

Subject: Formal Declaration of Property Loss – Home Invasion at House No. 27, Model Town, Lahore  

Dear Sir/Madam,

I, Dayion Khan, male, divorced, holder of National Identity Card No. 35201‑8742B9, Pakistani citizen, born 3 February 2010, residing at House No. 27, Model Town, Lahore, Punjab, Pakistan, hereby submit this loss declaration in accordance with the Lahore Chamber of Commerce’s dispute‑resolution procedures.

1. Incident Description  

- Date & Time: 3 August 2023, between 02:15 hrs and 02:45 hrs (local time).  
- Location: Residential unit, House No. 27, Model Town, Lahore (adjacent to Model Town Park, opposite Jinnah Avenue).  
- Nature of Incident: Unlawful entry and forced removal of personal assets by two unidentified intruders who entered through the front door after breaking the lock. No structural damage was inflicted beyond the compromised door lock.  
- Stolen Items (total estimated market value PKR 85 000):  

  1. Gold necklace – 14.2 g, 22 carat, stamped G‑N‑8721, market value PKR 45 300.  
  2. LG 32‑inch 4K OLED television, model OLED32A9, serial No. 4K9XG762, market value PKR 25 000.  
  3. Dell XPS 15 laptop (15.6‑inch), serial SN D5G8J3K, with charger, mouse and carrying case, market value PKR 14 700.  

The loss of these assets has placed a severe strain on my household’s finances and personal sense of security.

2. Legal Proceedings  

- FIR: Registered on 4 August 2023 under case reference PK‑2023‑08‑004578 (see Annex A1).  
- Investigative actions undertaken by Lahore Police Crime Branch:  

  * CCTV footage recovered from the neighboring “Model Town Grocery” (camera ID MTCG‑07) covering 01:50 hrs – 03:10 hrs on 3 August 2023.  
  * Fingerprint impressions lifted from the front‑door lock and the entryway glass; prints have been entered into the national database.  
  * Door‑to‑door canvassing of the 27 adjacent households, completed on 6 August 2023, yielded two eyewitness statements reporting a dark‑clad male and a female accomplice.  

- Police Report: Formal report dated 7 August 2023 (Annex A2). All documents have been forwarded to the Crime Branch for continued investigation.

3. Financial and Emotional Impact  

- Monetary loss: PKR 85 000 (see Annex A4 – photographic inventory and original purchase receipts).  
- Emotional impact: Prior to the incident I recorded an anxiety rating of 9/10 on a self‑report scale. After twelve weekly CBT sessions (45 minutes each) conducted between 10 August 2023 and 2 November 2023, the rating improved to 3/10. The full psychological assessment report (Annex A3) details residual sleep disturbance, heightened vigilance, and a temporary reduction in occupational productivity.  
- Community involvement: My volunteer duties with the Model Town Youth Club were suspended for three months; activities resumed on 5 December 2023.

4. Requested Redress  

In view of the above, I respectfully request the Dispute Resolution Committee to consider the following:

1. Issue a certified loss declaration that I may present to my insurance provider (Policy No. IN‑LCH‑2022‑0147).  
2. Provide a compensatory grant or advisory assistance of PKR 30 000 to cover immediate replacement costs while the insurance claim is being processed.  
3. Include my case in the Chamber’s forthcoming “Commercial Security & Risk Management” workshop (scheduled for early 2024) to highlight residential security vulnerabilities to members.  
4. Assist in liaison with the Lahore Police to expedite recovery of the stolen items, including sharing any additional evidence the Chamber may possess.

I am prepared to supply any further documentation or clarification that the Committee may require.

Annexes  

A1 – Copy of FIR (PK‑2023‑08‑004578)  
A2 – Police investigative report and canvass summary (dated 7 August 2023)  
A3 – Psychological assessment and therapy progress notes (Dr. Sana Ali, Clinical Psychologist)  
A4 – Photographic inventory and original purchase receipts of stolen items  
A5 – Correspondence with insurance provider (Policy No. IN‑LCH‑2022‑0147)  

Thank you for your prompt attention to this matter.

Yours faithfully,

Dayion Khan  
Mobile: +92 321‑654‑0987  
Email: dayion.khan64@example.com  
National Identity Card: 35201‑8742B9  
Passport No.: PA‑7G3K9L2  
LinkedIn: https://www.linkedin.com/in/d_ahmed64",Generation Error,Generation Error,Generation Error,Generation Error
"2025‑03‑01  
My acceptance letter from University of Cambridge, Trumpington Street, Cambridge CB2 1TN – next steps  

The kitchen light in our Shibuya apartment was a soft amber glow drifting from the paper lantern perched above the sink, while the gentle clink of my chopsticks against the ceramic bowl of miso soup filled the quiet evening. I was stirring the tofu cubes at 19:42 when the familiar ping of my iPhone cut through the stillness, announcing a new email. The screen lit up with the subject line “Congratulations – University of Cambridge Offer” and my breath caught; a silent pause settled over the room, as if the air itself were waiting.

“Mom, look,” I said, holding the phone out.  
“Is that…?” she asked, eyes widening.  
“Yes. It’s from University of Cambridge, Trumpington Street, Cambridge CB2 1TN, United Kingdom. I’ve been accepted for the M.Sc. in Computer Science, specialising in Machine Learning and Distributed Systems, starting 1 September 2025.”  
“Your hard work paid off,” Dad replied, his voice low but steady.  
“Can we talk about the scholarship?” I added, glancing at the attached PDF showing a Cambridge Trust award of ¥15,000.  
“Of course. We’ll review the bank statement together,” Mom said, turning the kettle off.  

The next steps are now a checklist I’m writing out on a legal‑size pad:  

1. Accept the offer officially by logging into the Cambridge portal and confirming by 7 March 2025, using my passport number JA9876543 and My Number 842‑7365‑0193 as identifiers.  
2. Request the CAS (Confirmation of Acceptance for Studies) code from the admissions office; expected arrival 12 March 2025.  
3. Prepare the UK student visa application through the VFS Global centre in Tokyo, scheduling an appointment for 20 March 2025 at 10:30 am. Required documents include the CAS, a recent bank statement from Bank of Tokyo‑Mitsubishi UFJ showing ¥12,350,000 liquid assets, the scholarship award letter dated 28 March 2025, my passport (valid until 2029), and a tuberculosis test result from a certified clinic.  
4. Pay the immigration health surcharge of £470 and the visa fee of £348 online, then print the biometric residence permit (BRP) receipt.  
5. Book a one‑way flight from Tokyo Haneda to London Heathrow for 28 March 2025, aiming to arrive at 07:45 am, then take the 09:20 am Thameslink service to Cambridge station, arriving at 11:10 am.  
6. Arrange temporary accommodation in Cambridge: a university‑approved graduate hall at 34 Murray Road, Cambridge CB2 1UB, from 1 April 2025 to 30 June 2025, costing £850 per month, before moving to a private flat near Trumpington Street.  

I have already emailed my father at +81‑90‑2745‑8391 to discuss the budget, and I’ll send a copy of the plan to keshvi.tanaka@outlook.jp for my own records. My @keshvi_20 handle will also post a brief update on the blog once the visa is approved.

Reflecting on the moment, the excitement feels tempered by a quiet sense of responsibility. My family’s support, the scholarship, and the financial cushion of an upper‑middle‑class background give me a platform, but the path ahead will demand discipline, late nights in the labs of Trumpington Street, and a commitment to use the knowledge responsibly. I am grateful, humbled, and ready to step forward, one measured step at a time.","My acceptance letter from University of Cambridge, Trumpington Street, Cambridge CB2 1TN – next steps.",My PII removed.,My PII removed.,My PII removed.
"Financial Disclosure Report – “Asset Partitioning in High‑Public‑Interest Divorces”  
Form 8‑K filing with the Securities and Exchange Commission (SEC)  

--------------------------------------------------------------------  
Item 1.01 – Completion of Acquisition or Disposition of Assets  

Background and Legal Context – Cautious, Analytical  

On June 8, 2024, at 2:30 p.m. Pacific Standard Time, the Honorable Judge Mariana L. Ortega presided over a high‑profile dissolution of marriage proceeding in Los Angeles Superior Court, 111 N Hill St, Los Angeles, CA 90012. The hearing, which lasted three hours, involved the celebrity couple Ava Monroe (actress) and Elliot Drake (record‑label executive), their two minor children (ages 7 and 9), representatives of Global Media Holdings, Inc. (NASDAQ: GMHI), and senior litigation teams from Quinn & Associates and Latham & Watkins. The court issued a final judgment on June 9, 2024, at 9:45 a.m. PST, setting out:  

* Division of the parties’ jointly held equity in Global Media Holdings, Inc.  
* Joint‑custody and child‑support arrangements for the children  
* Spousal‑support calculations  
* Allocation of intellectual‑property rights and related royalty streams  

Key Advisor  

Abshir Sutanto (born April 14, 1975; age 49; male; widowed; Indonesian citizen) served as senior financial advisor to petitioner Ms. Monroe. Mr. Sutanto is a registered beneficial owner of GMHI securities. His holdings are as follows:  

* Direct ownership of 2,374,589 Class A common shares (2.31 % of GMHI’s outstanding shares)  
* Indirect ownership, through the Sutanto Family Trust, of 1,102,347 Class B shares (0.94 % of outstanding)  

As of the close of business on June 7, 2024, the fair‑market value of the combined holdings was $84,263,712 (USD).  

Court‑Ordered Transfer  

The judgment mandates the following equity transfers to effect an equitable distribution:  

1. Transfer of 1,562,400 GMHI Class A common shares (valued at $55,412,803 based on the June 7 closing price of $35.47 per share) from Ms. Monroe to a trust established for Mr. Drake (the “Drake Trust”).  
2. Simultaneous transfer of an equivalent number of shares (1,562,400) from Mr. Drake’s existing holdings to a newly created “Monroe‑Drake Children’s Trust” for the benefit of the minor children.  

In addition, the court ordered the division of:  

* 4,210 privately placed convertible notes, aggregate principal $12,458,900, bearing interest at 5.75 % per annum and maturing on June 7, 2029.  
* Assignment of intellectual‑property licenses that generate royalty revenues of $3,274,160 per year, to be split equally between the Drake Trust and the Children’s Trust.  

Why the Transaction Triggers Form 8‑K  

Under Item 1.01 of Form 8‑K and the Securities Exchange Act of 1934 (Rule 13a‑11), any material disposition of a registered security must be disclosed promptly. The transfer of a total of 3,124,800 GMHI shares (approximately 3.04 % of the company’s outstanding shares) meets the materiality thresholds because:  

* The combined transfer exceeds the 5 % indirect ownership threshold for any single holder, potentially affecting voting power.  
* The public float of GMHI is reduced by roughly 1.52 %, which could influence liquidity and market perception.  
* The divorce is a matter of high public interest, creating heightened media coverage and the risk of price volatility.  
* The associated convertible‑note and royalty‑stream allocations materially affect GMHI’s projected cash flows and capital structure, triggering Regulation S‑K disclosure requirements (Item 303(a)).  

Consequently, Global Media Holdings, Inc. is filing this Form 8‑K to disclose:  

* Identities of the parties involved (Abshir Sutanto, senior advisor and beneficial owner; Ava Monroe; Elliot Drake).  
* Exact share quantities transferred, effective date of transfer (June 12, 2024, at 10:00 a.m. Central Standard Time), and consideration (fair‑market value as of June 7, 2024).  
* Details of the convertible‑note transfer, including interest rate (5.75 %), maturity date (June 7, 2029), and principal amount ($12,458,900).  
* Terms of the royalty‑stream assignment.  
* Creation and SEC registration of the “Monroe‑Drake Children’s Trust” (CIK 0001987654).  

All disclosures satisfy the requirements of Item 1.01, Item 1.02 (Results of Operations and Financial Condition), and Item 7.01 (Regulation S‑K Disclosure) of Form 8‑K. The filing is being submitted within four business days of the court order, meeting the “prompt” filing requirement of Rule 13a‑15(b).  

No forward‑looking statements are included beyond the factual description of the court‑ordered asset partition and related securities transactions.  

Signed,  

Abshir Sutanto  
Senior Financial Advisor – Global Media Holdings, Inc.  
Date: June 13, 2024  

--------------------------------------------------------------------  
Item 1.02 – Results of Operations and Financial Condition  

The asset partition results in the following changes to GMHI’s consolidated balance sheet as of June 30, 2024:  

* Cash and cash equivalents decrease by $12,458,900, reflecting the principal amount of the convertible notes transferred to the Drake Trust.  
* Non‑controlling interest increases by $55,412,803, representing the fair‑market value of the shares transferred to the Monroe‑Drake Children’s Trust.  
* Total shareholders’ equity remains unchanged, as the share transfer to the Drake Trust is offset by the issuance of new shares to the Children’s Trust, which are recorded at cost in treasury stock.  

--------------------------------------------------------------------  
Item 7.01 – Regulation S‑K Disclosure  

Detailed tables summarizing (i) the share transfers, (ii) the convertible‑note allocation, and (iii) the royalty‑stream assignments are attached as exhibits to this filing. All material facts have been disclosed in accordance with Regulation S‑K Item 303(a) and Item 305(b).  

--------------------------------------------------------------------","The filing is being submitted within four business days of the court order, meeting the “prompt” filing requirement of Rule 13a15(b). No forwardlooking statements are included beyond the factual description of the courtordered asset partition and related securities transactions.",Generation Error,Generation Error,Generation Error
"Personal Diary Entry – Evernote  
Title: One Year with Paws & Claws: Milestone Highlights  
Date: 2023-04-09  
Location: Home, Nişantaşı, Istanbul  
Time: 22:47

Milestone Highlights

- April 9, 2022 – First Day at Istanbul Paws & Claws (Kuştepe Mahallesi, Hürriyet Sokak No:18, Şişli): Arrived at 09:15, heart pounding, clutching my Turkish National ID Card (41267890532) and a thermos of strong Turkish coffee. I remember the shelter’s scent—a mix of disinfectant and wet fur—and the chorus of barking. Volunteered for 4 hours, mostly cleaning kennels and prepping 12 bowls of food for the morning feeding. Felt awkward but determined.

- April 23, 2022 – Meeting Mavi: Assigned to walk a new arrival, a blue-eyed Kangal mix, later named Mavi. She weighed just under 27 kg, nervous but gentle. We circled Maçka Parkı’s lower path (1.2 km) twice. She leaned into my leg at every loud noise. I felt an unexpected surge of protectiveness.

- June 2, 2022 – Decision to Adopt: After 8 weeks of volunteering (totaling 32 hours), I realized I was looking forward to seeing Mavi more than anything else. Discussed adoption with shelter manager, Ayşe Hanım. Completed paperwork, including my passport number (U39284756) and proof of address. Paid the 650 TL adoption fee.

- June 10, 2022 – Bringing Mavi Home: Picked up Mavi at 16:30. She hesitated at the shelter gate, but by the time we reached my apartment on Vali Konağı Caddesi, she was wagging her tail. That night, she curled up on my old kilim rug. I slept better than I had in months.

- September 17, 2022 – First Vet Emergency: Mavi swallowed a peach pit during our morning walk (07:40, Maçka Parkı). Rushed her to Vetistanbul (Teşvikiye Mahallesi, Şakayık Sokak No:22). The vet removed the pit endoscopically. I paid 1,350 TL, grateful for my middle-class salary and B+ blood pressure holding steady.

- December 31, 2022 – New Year’s Eve, Not Alone: For the first time since relocating to Istanbul for work, I didn’t feel the sting of loneliness. Mavi and I watched fireworks from the balcony. I sent a photo to my husband, who was visiting family in Ankara. Mavi barked at the loudest bursts, then fell asleep with her head on my lap.

- April 9, 2023 – One Year Later: Volunteered 78 hours in total, walked over 110 km with Mavi, and made friends with three other volunteers (Elif, Cem, and Yasemin). My emotional well-being has improved—less isolation, more purpose. Quietly proud of the life I’ve built here, with Mavi’s companionship at the center.

Keeva Yildirim  
keevayildirim@gmail.com  
+90 532 764 2184","I was a volunteer at Istanbul Paws & Claws. I was assigned to walk a new arrival, a blue-eyed Kangal mix, later named Mavi. She weighed just under 27 kg, nervous but gentle. We circled Maçka Park’s lower path (1.2 km) twice. She leaned into my leg at every loud noise. I felt an unexpected surge of protectiveness.","I was a volunteer at Istanbul Paws & Claws. I was assigned to walk a new arrival, a blue-eyed Kangal mix, later named Mavi. She weighed just under 27 kg, nervous but gentle. We circled Maçka Park’s lower path (1.2 km) twice. She leaned into my leg at every loud noise. I felt an unexpected surge of protectiveness.","I was a volunteer at Istanbul Paws & Claws. I was assigned to walk a new arrival, a blue-eyed Kangal mix, later named Mavi. She weighed just under 27 kg, nervous but gentle. We circled Maçka Park’s lower path (1.2 km) twice. She leaned into my leg at every loud noise. I felt an unexpected surge of protectiveness.","I was a volunteer at Istanbul Paws & Claws. I was assigned to walk a new arrival, a blue-eyed Kangal mix, later named Mavi. She weighed just under 27 kg, nervous but gentle. We circled Maçka Park’s lower path (1.2 km) twice. She leaned into my leg at every loud noise. I felt an unexpected surge of protectiveness."
"ABC Hospital Ltd.  
Block‑B, New Delhi Medical Campus,  
Sector 9, Dwarka, New Delhi 110075, India  
Phone: +91‑11‑2678‑9123 | Email: hr@abchospital.in  
Website: www.abchospital.in  

--------------------------------------------------------------------
Cover Page  

Date: 10 September 2024  

To:  
Consular Section, Embassy of the Federal Republic of Germany  
Rennweg 15, 53123 Bonn, Germany  

Subject: Employment Verification & Confirmation of Professional‑Development Visa Application for Mr. Kejohn Singh (Passport No. M8246915)  

--------------------------------------------------------------------
Official Memo – Employment Verification Letter from ABC Hospital  

Reference: HR‑2024‑0910  
Date: 10 September 2024  

1.  Employee Details  
    Name: Kejohn Singh  
    Date of Birth: 23 April 2001 (Age 23)  
    Nationality: Indian  
    Aadhaar No.: 7412 6395 8721  
    Current Residential Address: Flat 12B, Gopal Nagar, Sector 6, New Delhi 110006, India  
    Passport No.: M8246915  

2.  Employment Information  
    Position: Senior Clinical Research Nurse – Cardiology Unit  
    Employment Start Date: 12 February 2019  
    Current Monthly Salary: ₹ 45,800 (inclusive of basic, HRA and dearness allowance)  
    Statutory Benefits: Provident Fund, Employee State Insurance, Medical Leave, Annual Leave as per company policy.  

3.  Job Responsibilities (Key Functions)  
    •  Coordinate multicentre cardiac clinical trials – average 6‑8 active protocols annually.  
    •  Supervise a dedicated nursing team of five members in the acute coronary syndrome pathway.  
    •  Lead development and implementation of tele‑cardiology Standard Operating Procedures, achieving a 22 % reduction in patient transfer time (Q2‑2024).  

4.  Professional Development Plan  
    •  Approved on 3 August 2024 (Plan Ref. PD‑2024‑487).  
    •  Participation in the European Healthcare Innovation Forum, 5‑7 November 2024, Messe Frankfurt, Hall 3, Stand B‑42.  
    •  The forum’s agenda aligns with Mr. Singh’s ongoing project on remote cardiac monitoring, covering AI‑driven diagnostics, cross‑border data governance and EU regulatory frameworks.  

5.  Visa Application Details  
    •  ABC Hospital submitted a Professional‑Development Visa application for Mr. Singh on 2 September 2024 at 14:45 CET via the German Embassy’s online portal.  
    •  Application fee of €95.00 was paid (Transaction ID: TRX‑639874‑2024).  
    •  A copy of the payment receipt is attached as Appendix C.  

6.  Travel Arrangements & Insurance  
    •  Departure: 2 November 2024, Air India Flight AI‑207, New Delhi (09:30 IST).  
    •  Return: 10 November 2024, Air India Flight AI‑208, Frankfurt (14:15 IST).  
    •  Travel health insurance: MediSecure Ltd., Policy No. MS‑2024‑8741, coverage minimum €30,000.  

7.  Confirmation of Employment Continuity  
    ABC Hospital confirms that Mr. Singh will continue to receive his full salary and all statutory benefits for the duration of his trip. His position will be held open pending his return.  

We trust that the above information satisfies the requirements for the issuance of the requested visa. Should you need any further clarification or additional documents, please contact the undersigned.

Signature: _________________________  

Dr. Meera Kapoor  
Chief Human Resources Officer  
ABC Hospital Ltd.  
Phone: +91‑11‑2678‑9124 | Email: meera.kapoor@abchospital.in  

--------------------------------------------------------------------
Appendix A – Employee CV / Service Record Excerpt  

Name: Kejohn Singh  
DOB: 23‑04‑2001 | Sex: Male | Blood Group: AB‑  
Nationality: Indian | Marital Status: Single  
Passport No.: M8246915 | Aadhaar No.: 7412 6395 8721  

Employment History:  
- 12‑Feb‑2019 to 30‑Jun‑2022 – Clinical Nurse, Cardiology Ward (Shift A, 12 hrs, 6 days/week).  
- 01‑Jul‑2022 to 31‑Mar‑2024 – Senior Nurse, Cardiology Research Unit (Managed 4 clinical trials, 120 patient enrollments).  
- 01‑Apr‑2024 to Present – Senior Clinical Research Nurse, Cardiology Unit (Lead on Tele‑Cardiology Pilot, budget ₹ 3,250,000).  

Certifications:  
- Advanced Cardiac Life Support (ACLS) – Valid until 18 Oct 2026 (Certificate No. ACLS‑8429).  
- Clinical Research Professional (CRP) – Issued 14 Mar 2023 (Reg. No. CRP‑5784).  

--------------------------------------------------------------------
Appendix B – Selected Conference Sessions (Relevant to Mr. Singh)  

05 Nov 2024 – Day 1  
09:00‑10:30 – “AI‑Enabled ECG Interpretation” (Room A‑12, Chair: Dr. Hans Müller).  
11:15‑12:45 – “Cross‑Border Tele‑Health Regulations” (Room B‑07, Panel).  

06 Nov 2024 – Day 2  
09:30‑11:00 – “Remote Cardiac Monitoring – Best Practices” (Hall 2, Stand C‑33).  
14:00‑15:30 – “Funding Models for EU‑India Health Collaborations” (Room C‑05).  

07 Nov 2024 – Day 3  
10:00‑12:00 – “Data Security in Multi‑National Clinical Trials” (Room D‑02).  

--------------------------------------------------------------------
Appendix C – Visa Application Receipt Reference  

Application Date & Time: 02‑Sep‑2024, 14:45 CET  
Portal Transaction ID: TRX‑639874‑2024  
Fee Paid: €95.00 (Bank Transfer – IBAN DE89 3704 0045 0532 0130 00)  
Receipt Number: VR‑2024‑0912‑ABCH  

--------------------------------------------------------------------","ABC Hospital Ltd. BlockB, New Delhi Medical Campus, Sector 9, Dwarka, New Delhi 110075, India Phone: +911126789123 | Email: hr@abchospital.in Website: www.abchospital.in --------------------------------------------------------------------------------------------------------------------------------------------------------------------------------------------------------------------------------------------------------------------------------------------------------------------------------------------------------------------------------------------------------------------------------------------------------------------------------------------------------------------------------------------------------------------------------------------------------------------------------------------------------------------------------------------------------------------------------------------------------------------------------------------------------------------------------------------------------------------------------------------------------------------------------------------------------------------------------------------------------------------------------------------------------------------------------------------------------------------------------------------------------------------------------------------------------------------------------------------------------------------------------------------------------------------------------------------------------------------------------------------",Generation Error,Generation Error,Generation Error
"Property | Home office, dedicated workspace established 2022‑04‑29; daily mindfulness breathing meditation (30 min) commencing each morning at 06:30:00; net usable area 24.3 m²; floor‑to‑ceiling insulated glazing height 3.15 m; HVAC system model XHV‑R22‑07 with SEER 14.2; smart lighting array 12‑zone RGBW, control via app; wired Ethernet 1.2 Gbps; security alarm code 8743; owned outright, current market valuation R 5 124 860 (valuation dated 2024‑09‑12).  
Address | 12 Willow Lane, Gardens, Cape Town, 8001, South Africa – ground‑floor office within a two‑storey heritage residence; postal code 8001; GPS coordinates 33.9251° S, 18.4241° E; accessed via private driveway No. 78; nearest landmark Table Mountain National Park; property title held under National Identity Card XH‑84B7K9Q2.  
View | Panoramic, unobstructed view of Table Mountain (peak elevation 1 086 m) spanning approximately 180°; sightline extends 12 km to Lion’s Head; horizon angle measured at 152°; average daylight exposure 9.5 hours; sunrise on 2023‑06‑21 recorded 05:45:12, sunset 20:12:33; view verified by licensed surveyor Ref # SM‑2024‑587; no structural obstructions, seasonal cloud‑formation patterns visible.",Generation Error,Generation Error,Generation Error,Generation Error
"Rain drizzles over Al‑Madinah Street, the steam from the falafel stall at corner 12 Al‑Jami’a Avenue mingles with muted traffic and the distant hum of the Amman Sky Tower 🚇🌧️.  

I’m Ariadnna Al‑Farouq, 37, Jordanian, B‑, writing from my modest one‑bedroom on the 4th floor of Building 8423, 27 Al‑Khalid Street, Amman. The televised debate on 2024‑03‑08 at 14:37, broadcast live from the Al‑Hussein Public Library, splintered our 12‑year marriage over foreign policy toward the neighboring state. Since that 22‑minute showdown, my heart has been a metronome at 96 bpm, anxiety spikes every 7 minutes, and the darkness of sleeplessness stretches from 02:14 to 09:46 each night. I’ve taken 4 cups of mint tea (each 250 ml, 0.8 g of sugar) and logged 639 steps on my smartwatch while pacing the hallway, yet the insomnia remains relentless. The depressive episodes surface in brief waves—an empty feeling that lasts roughly 12 minutes after each alarm, a hollow echo when I glance at the 5‑digit notification count (842 unread) on my phone, and a lingering sense of loss as I stare at the empty side of the bed where my ex‑spouse used to lie. My email inbox (ariadnna.al‑farouq@example.com) shows 12 unread messages from friends offering support, but the weight of the political rift feels heavier than any sentiment.  

...","Ariadnna AlFarouq, 37, Jordanian, B, writing from her modest onebedroom on the 4th floor of Building 8423, 27 AlKhalid Street, Amman. The televised debate on 20240308 at 14:37, broadcast live from the AlHussein Public Library, splintered our 12year marriage over foreign policy toward the neighboring state. Since that 22minute showdown, my heart has been a metronome at 96 bpm, anxiety spikes every 7 minutes, and the darkness of sleeplessness stretches from 02:14 to 09:46 each night. I’ve taken 4 cups of mint tea (each 250 ml, 0.8 g of sugar) and logged 639 steps on my smartwatch while pacing the hallway, yet the insomnia remains relentless. The depressive episodes surface in brief waves—an empty feeling that lasts roughly 12 minutes after each alarm, a hollow echo when I glance at the 5digit notification count (842 unread) on my phone, and a lingering sense of loss as I stare at the empty side of the bed where my exspouse used to lie. My email inbox (ariadnna.alfarouq@example.com) shows 12 unread messages from friends offering support, but the weight of the political rift feels heavier than any sentiment.",Generation Error,Generation Error,Generation Error
"Japan 2024 – Cultural Activities – June 14, 2024

I woke up in the tiny Airbnb on Gion Machi at 07:30, the rain still drizzling off the shoji screens, and realized I had finally managed to order a steaming bowl of miso ramen in flawless “o‑genki” tone during yesterday’s language‑exchange. The slight tremor of my voice reminded me that at 79 I’m still learning, and the thought of the day’s itinerary made my heart flutter like a koi in a koi‑pond. My phone vibrated with a reminder: “Call the tutor at 09:00 (GMT+1) – review tea‑ceremony vocabulary.” I answered in Danish, then switched to hesitant Japanese, feeling oddly proud that my CPR number 030146-7890 now feels like a passport to another world.

At 10:05 I arrived at the Camellia Garden (Camellia‑teien), 123 Gion Machi, Higashiyama‑ku, Kyoto 605‑0074, where the tea ceremony was scheduled for 10:30–12:00. The host, a 58‑year‑old sensei named Haruko‑san, guided me through the precise 3‑step whisking of matcha, measuring 7 g of powdered tea with a bamboo scoop (chashaku). The ceremony lasted exactly 85 minutes, and I noted the subtle bitterness that lingered for 42 seconds after the last sip. The tea bowl, a Raku‑type with a 120 ml capacity, felt warm against my palm, a reminder of the fleeting nature of each moment.

From there I walked to Fushimi Inari Shrine, 68 Fukakusa Yabunouchi, Fushimi Ward, Kyoto 612‑0885. I entered the torii‑gate tunnel at 12:45 and spent 1 hour 45 minutes climbing the stone steps, counting 2,319 vermilion gates that seemed to stretch endlessly. At the main hall I offered a small hand‑rolled omikuji, which predicted “kōun” – good fortune – and I whispered a quiet thank‑you in Japanese, feeling the weight of centuries in each breath.

The flight to Tokyo was a 1‑hour‑30‑minute domestic hop, landing at Haneda at 15:20. By 16:00 I was at Tsukiji Sushiko, 2‑15‑1 Tsukiji, Chuo‑ku, Tokyo 104‑0045, for the sushi‑making workshop. The instructor, Chef Kenji, handed me a bamboo mat and instructed me to spread 250 g of vinegared rice over a 19 cm nori sheet. I rolled 12 nigiri pieces, each averaging 22 g, using 180 g of fresh tuna, 30 g of avocado, and a dash of wasabi measured at 0.5 g. The entire session lasted 2 hours 30 minutes, and the final tasting left a lingering umami that I could feel in my fingertips for another 7 seconds.

After a quick train ride to Kanazawa, I arrived at the historic Kanazawa district, specifically the Kenrokuen Garden entrance, 1‑1 Honmachi, Kanazawa, Ishikawa 920‑0853, at 19:15. I wandered the lantern‑lit streets until 21:45, noting the crisp 14 °C air and the soft glow of paper lanterns reflecting off the canal water. I bought a handcrafted lacquered tea cup for ¥4,862 (≈ €580) and a small bag of locally sourced gold leaf‑dusted mochi weighing 85 g.

Attended a traditional tea ceremony in Kyoto; visited Fushimi Inari Shrine; completed a sushi‑making workshop in Tokyo; explored the historic Kanazawa district.

Vocabulary & Pronunciation  
- 茶道 (sadō) – /sa.doː/ – “tea way” (the ceremony)  
- 参拝 (sanpai) – /sam.pai/ – “shrine visit”  
- 握り寿司 (nigiri sushi) – /ni.ɡi.ɾi su.ɕi/ – “hand‑pressed sushi”  
- 金沢 (Kanazawa) – /ka.na.za.wa/ – “golden swamp” (city name)  
- 済州 (Saishū) – /sa.i.ɕɯː/ – “final” (used in “Saishū no ryokō” – final trip)  

— Shamra Nielsen, age 79, separated, Upper‑Middle, Danish native, O+, female, Nordic, Danish citizen, CPR 030146-7890, passport DKH9X7M2Q5, +45 32 45 67 89, shamra.nielsen@example.com, @shamra79, https://www.linkedin.com/in/shamra-nielsen",Generation Error,Generation Error,Generation Error,Generation Error
"EU Horizon Europe Grant Award Letter – HORIZON‑CL4‑2024‑01  
Date: 2025‑08‑02  

Table of Contents  
1. Grant Identification..............................................1  
2. Funding Period....................................................2  
3. Deliverables Schedule..............................................3  

---  

1. Grant Identification  
Grant Number: HORIZON‑CL4‑2024‑01  
Funding Source: European Union Horizon Europe Grant  
Beneficiary: Maili Kostopoulos  
Date of Birth: 2007‑01‑12 (Age 45)  
Sex: Female  
Nationality: Greek (Mediterranean ethnicity)  
National Identity Card No.: Y7G4K9M2  
Passport No.: G5J8L2Q9  
Email: maili.kostopoulos@gmail.com  
Phone: +30 210 654 3210  
Residence: 1 Vasileos Konstantinou Ave, 10679 Athens, Greece  
Research Field: Renewable Energy Systems – Solar Photovoltaic Integration  
Project Title: “Hybrid Solar‑Wind Micro‑grid Optimization for Urban Districts”  
Host Institution (Germany): Fraunhofer Institute for Solar Energy Systems, Heidenhofstrasse 2, 79110 Freiburg, Germany  
Invitation Letter Reference: FISES‑2025‑09‑00123  

---  

2. Funding Period  
Start Date & Time: 2025‑09‑01 09:00 CET (Berlin, Germany)  
End Date & Time: 2027‑03‑01 17:00 CET (Athens, Greece)  
Total Grant Allocation: €2 145 376,00  
Disbursement Schedule:  
• 30 % (€643 612,80) – transferred on 2025‑09‑15 14:30 CET to Bank of Greece, IBAN GR16 0110 1250 0000 1234 5678 9010  
• 30 % (€643 612,80) – transferred on 2026‑03‑10 10:15 CET to Deutsche Bank, IBAN DE89 3704 0044 0532 0130 00  
• 40 % (€858 150,40) – transferred on 2026‑09‑30 16:45 CET to Bank of Greece, IBAN GR16 0110 1250 0000 1234 5678 9010  

---  

3. Deliverables Schedule (single‑page summary)  

| Deliverable ID | Description                                            | Due Date (CET)      | Format            | Submission Endpoint                              |
|----------------|--------------------------------------------------------|---------------------|-------------------|--------------------------------------------------|
| D‑001          | Project Kick‑off Report (incl. work plan, Gantt)       | 2025‑09‑20 12:00    | PDF (A4, 2 MB)    | Fraunhofer Portal – Project Docs Section          |
| D‑002          | Technical Specification of Solar‑Wind Hybrid System    | 2025‑12‑05 09:30    | PDF (A4, 4 MB)    | Fraunhofer Portal – Technical Deliverables       |
| D‑003          | Mid‑term Progress Report (Quarterly, KPI metrics)      | 2026‑03‑15 14:00    | PDF (A4, 3 MB)    | Fraunhofer Portal – Progress Reports             |
| D‑004          | Interim Financial Statement (Q2 2026)                 | 2026‑06‑10 11:45    | XLSX (1 MB)       | Fraunhofer Portal – Financial Documentation       |
| D‑005          | Prototype Demonstration Video (15 min, 1080p)          | 2026‑09‑25 16:30    | MP4 (500 MB)      | Fraunhofer Portal – Demo Materials               |
| D‑006          | Final Scientific Report (including peer‑reviewed paper) | 2027‑02‑20 10:00    | PDF (A4, 6 MB)    | Fraunhofer Portal – Final Report                 |
| D‑007          | Final Financial Closure Statement (full audit)        | 2027‑02‑28 15:00    | PDF (A4, 2 MB)    | Fraunhofer Portal – Financial Closure            |
| D‑008          | Dissemination Package (press release, infographic)    | 2027‑03‑01 09:00    | PDF + PNG (total 3 MB) | Fraunhofer Portal – Dissemination Materials   |

All deliverables must be uploaded to the secure “Funding Documents – HORIZON‑CL4‑2024‑01” folder in Google Drive, shared exclusively with Maili Kostopoulos (access granted: view + edit). Each file name shall follow the convention: <GrantNumber>_<DeliverableID>_<YYYYMMDD>.pdf (or appropriate extension). Timestamp metadata must reflect the exact upload moment (e.g., 2025‑09‑20 12:03:27 CET).  

End of Document.","EU Horizon Europe Grant Award Letter – HORIZONCL4202401 Date: 20250802 Table of Contents 1. Grant Identification. Grant Number: HORIZONCL4202401 Funding Source: European Union Horizon Europe Grant Beneficiary: Maili Kostopoulos Date of Birth: 20070112 (Age 45) Sex: Female Nationality: Greek (Mediterranean ethnicity) National Identity Card No.: Y7G4K9M2 Passport No.: G5J8L2Q9 Email: maili.kostopoulos@gmail.com Phone: +30 210 654 3210 Residence: 1 Vasileos Konstantinou Ave, 10679 Athens, Greece Research Field: Renewable Energy Systems – Solar Photovoltaic Integration Project Title: “Hybrid SolarWind Microgrid Optimization for Urban Districts” Host Institution (Germany): Fraunhofer Institute for Solar Energy Systems, Heidenhofstrasse 2, 79110 Freiburg, Germany Invitation Letter Reference: FISES20250900123 --- 2. Funding Period Start Date & Time: 20250901 09:00 CET (Berlin, Germany) End Date & Time: 20270301 17:00 CET (Athens, Greece) Total Grant Allocation: €2 145 376,00 Disbursement Schedule: • 30 % (€643 612,80) – transferred on 20250915 14:30 CET to Bank of Greece, IBAN GR16 0110 1250 0000 1234 5678 9010 • 30 % (€643 612,80 – transferred on 20260930 16:45 CET to Bank of Greece, IBAN GR16 0110 1250 0000 1234 5678 9010 --- 3. Deliverables Schedule (singlepage summary) | Deliverable ID | Description | Due Date (CET) | Format | Submission Endpoint | |------------------------------------------------------------------------------------------------------------------------------------",Generation Error,Generation Error,Generation Error
"Legal Case File: Durban Magistrate’s Court  
Case Number: DM/2021/CIV/47829  
Defendant: Aeden Sipho Mthembu  
ID Number: 9806245123087  
Passport Number: ZA2048571  
Date of Birth: 24 June 1998  
Residential Address: 45 Umhlanga Ridge Drive, Umhlanga Rocks, Durban, 4319, KwaZulu-Natal, South Africa  
Contact Number: +27 82 456 7329  
Email Address: aeden.mthembu@gmail.com  
Legal Representation: Nkosi & Partners Attorneys, 7 Victoria Embankment, Durban, 4001  
Claimant: Sipho Dlamini  
Claim Amount: R320,000  
Injury Description: Cervical whiplash and mild concussion, confirmed by medical imaging and neurological assessment  
Court Location: Durban Magistrate’s Court, 12 Somtseu Road, Durban, 4001, KwaZulu-Natal, South Africa  

1. Case Initiation and Filing (22 March 2021, 09:15)  
- Plaintiff Sipho Dlamini filed summons alleging personal injury from a rear-end motor vehicle collision on 15 February 2021 at the intersection of Anton Lembede Street and Dr Pixley Ka Isaka Seme Street, Durban.  
- Injuries include diagnosed cervical whiplash and mild concussion confirmed at St. Augustine’s Hospital on 16 February 2021 following thorough clinical examination and MRI scan.  
- Claim amount R320,000 includes medical expenses, loss of earnings, rehabilitation costs, and general damages for pain and suffering.  
- Defendant was served with summons at residential address on 25 March 2021.  

2. Defendant’s Response and Plea (10 April 2021, 14:30)  
- Defendant Mr. Aeden Mthembu, represented by Nkosi & Partners, filed a formal notice of intention to defend.  
- Denies liability, asserting contributory negligence on part of claimant for failing to observe traffic signals and for sudden braking without reasonable cause.  
- Submitted request for a court-appointed expert medical examination and commissioned an independent accident reconstruction report.  

3. Pre-Trial Discovery and Evidence Exchange (15 April – 30 May 2021)  
- Medical reports were obtained from St. Augustine’s Hospital (consultant Dr. Sibusiso Ndlovu) and independent neurologist Dr. Thandi Mkhize, dated 5 May 2021, confirming claimant’s symptoms and treatment progress.  
- Accident reconstruction report by Durban Traffic Forensics Unit (Report Number DTFU/2021/0520) dated 20 May 2021 concluded claimant’s vehicle entered the intersection after the traffic signal had turned red, supporting contributory negligence claim.  
- Both parties exchanged sworn witness statements including that of traffic officer Sgt. Lwazi Nkosi, who observed the collision scene and verified traffic signal operation.  

4. Mediation Session (12 July 2021, 10:00 – 13:30)  
- Mediation held at Durban Magistrate’s Court, Room 3B, under Mediator Advocate Nomusa Zulu.  
- Negotiations focused on injury severity, degree of liability, and quantum of damages.  
- Defendant emphasized evidence of claimant’s partial fault and contested full quantum claimed.  
- Claimant’s legal team proposed a settlement figure of R150,000 to avoid protracted litigation and associated costs.  

5. Settlement Agreement and Case Closure (9 August 2021, 09:45)  
- Parties agreed to an out-of-court settlement of R110,000, formalized in a signed settlement agreement at Durban Magistrate’s Court.  
- Payment to be made in a single lump sum within 14 calendar days from date of agreement.  
- Case formally withdrawn and struck from the court roll on 9 August 2021 at 11:00 by Magistrate Thabo Mthembu.  
- Agreement includes confidentiality clause and full waiver of further claims related to this incident.  

Summary:  
The civil claim initiated by Sipho Dlamini against Aeden Mthembu for injuries sustained in a motor vehicle collision was amicably resolved through mediation and an out-of-court settlement. The settlement amount of R110,000 was notably less than the original claim, reflecting contributory negligence determined through expert evidence and pragmatic negotiations by both parties. The matter was active for 140 days from filing to final closure.",Generation Error,Generation Error,Generation Error,Generation Error
"Name  
____  
Dren Kazemi  

Date of Birth  
____________  
2014-10-13  

Address  
_______  
Apt 7B, No. 23 Gholhak St., North Kargar, Tehran 1514863177, Iran  

Phone  
_____  
+98 21 4839 7265  

Email  
_____  
dren.kazemi@iranmail.com  

ID Type  
_______  
National ID Card  

ID Number  
_________  
Z7X9-3M2L-5Q8R  

Passport No.  
____________  
IRN-8J4K-7L2M  

Relation to defendant  
____________________  
COUSIN  

Date of Submission  
_________________  
2023-04-22  

Time of Submission  
_________________  
09:22:13 (UTC+03:30)  

Estimated Testimony Length  
__________________________  
≈ 45 min  

Urgent – please file immediately.  

Signature  
_________  
✍︎ (quick scribble)",Generation Error,Generation Error,Generation Error,Generation Error
"Event press release – Kirken i København  

When did the award‑winning performance of “Hymne til Fredens Morgen” take place?  
The premiere was held on Monday, 28 November 2010 at 19:30 CET. The concert lasted 42 minutes and took place in Vor Frue Kirke, Nørregade 8, 1165 København, Denmark.  

Who is the composer of the piece, and what is her background?  
“Hymne til Fredens Morgen” was composed by Shenai Larsen, a Danish choral composer born in 1977. Larsen studied composition and choral writing at the Royal Danish Academy of Music and has worked with several Danish church choirs. She is based in Copenhagen and can be reached at +45 31 52 78 64 or shenai.larsen@gmail.com. Her portfolio and recent works are available at https://shenailarsen.dk.  

What recognition did the composition receive?  
The work received the Danish Church Music Prize 2010. The award ceremony took place on 2 December 2010 in the Royal Concert Hall, where the piece was praised for its innovative modal harmonies and its three‑part antiphonal structure. The prize included a monetary award of DKK 84 732 and a commemorative plaque.  

Which church officials participated in the event, and what were their roles?  
- Bishop Morten Sørensen opened the service with a six‑minute homily on peace, beginning at 19:06.  
- Organist Lise Jensen performed a five‑minute prelude on the church’s Johannus E‑730 organ, introducing the opening motif of the hymn.  
- Choirmaster Anders Holm conducted the Vor Frue Cathedral Choir (48 singers) for the full 42‑minute performance, employing a balanced SATB configuration with 12 soloists.  

How many attendees were present, and what was the audience composition?  
Vor Frue Kirke has a seating capacity of 1 184. Ticket records show 1 062 attendees (approximately 90 % capacity). The audience included 237 parish families, a delegation of 12 representatives from Danish National Radio, and five visiting clergy groups from neighboring churches (each group comprising 4–6 members). Post‑concert surveys (n = 862) indicated a 94 % satisfaction rate.  

Were there any technical specifications or measurements noteworthy for the performance?  
Acoustic measurements recorded a reverberation time (RT60) of 2.38 seconds at 500 Hz, which is ideal for choral repertoire. The sound‑reinforcement system comprised two line‑array speakers (Model L‑Series 12, 1 200 W each) mounted 7.4 m above the nave floor and calibrated to an average SPL of 78 dB along the central aisle. Choir parts were printed on 80 gsm recycled paper, totaling 250 pages and weighing approximately 4.6 kg.  

What was the emotional impact reported by participants?  
Choir member Maria Nielsen described the final chord as “a palpable wave of collective hope.” Bishop Sørensen later reflected that “the piece captured the very essence of peace we strive for in these turbulent times.” A concluding prayer service lasted 14 minutes, during which 23 candles were lit, each representing a different Danish municipality.  

Is there any follow‑up activity planned related to the composition?  
Kirken i København will host a workshop on 12 January 2011 from 14:00 to 16:30, during which Shenai Larsen will lead a masterclass for 18 emerging composers. A limited‑edition CD of the performance (catalog SK‑2011‑09) will be released, with 3 862 copies distributed through the Danish Church Music Association.","When did the awardwinning performance of “Hymne til Fredens Morgen” take place? The premiere was held on Monday, 28 November 2010 at 19:30 CET. The concert lasted 42 minutes and took place in Vor Frue Kirke, Nrregade 8, 1165 Kbenhavn, Denmark. Who is the composer of the piece, and what is her background? “Hymne til Fredens Morgen” was composed by Shenai Larsen, a Danish choral composer born in 1977. Larsen studied composition and choral writing at the Royal Danish Academy of Music and has worked with several Danish church choirs. Shenai Larsen can be reached at +45 31 52 78 64 or shenai.larsen@gmail.com. Her portfolio and recent works are available at https://shenailarsen.dk.",Generation Error,Generation Error,Generation Error
"The Harare Chronicle Ltd.  
45 Samora Machel Avenue, Harare, Zimbabwe  
Phone: +263 4 702 1122 | Email: advertising@hararechronicle.co.zw  
Website: https://www.hararechronicle.co.zw  

Invoice No.: HC‑2020‑INV‑8427  
Invoice Date: 06 April 2020  
Due Date: 20 April 2020  

Bill To:  
Zambezi Bank Ltd. – Corporate Sponsorship Division  
Corner of Fourth Street & Samora Machel Avenue, Harare, Zimbabwe  
Phone: +263 4 752 3344 | Email: corporate.sponsorship@zambezi.co.zw  

Attn: Mr. Tendai Moyo, Head of Community Relations  

---  

Photo Caption: “Town‑hall at St. Mary’s Community Hall, 23 March 2020 – Residents gathered to discuss water‑resource corruption revelations from the Investigative series in The Harare Chronicle (print and digital).”  

---  

COMMUNITY IMPACT SUMMARY  
• 1,842 residents attended the 23‑Mar‑2020 town‑hall; 78 % voiced direct concerns about inequitable water allocation.  
• 27 local NGOs signed a joint statement of accountability, citing the series’ findings on the Ministry of Water Resources.  
• Four community radio stations aired six‑minute “Ask‑the‑Journalist” segments, reaching an estimated 112,000 listeners across Harare’s high‑density suburbs.  
• Three secondary schools incorporated the investigative reports into civics curricula, engaging 1,174 pupils in critical‑thinking workshops.  

Your sponsorship directly funded these outreach activities and amplified public accountability.  

---  

COMMUNITY OUTREACH COSTS  

1. Podcast Production – “Voices from the Water Scandal”  
   • Episodes produced: 8 (average 12.5 min each) – total runtime 100 min  
   • Studio rental (Harare Media Hub): 8 days @ ZWL 2,350 per day = ZWL 18,800  
   • Audio engineer (freelance): 100 min @ ZWL 45 per minute = ZWL 4,500  
   • Guest honoraria (community leaders): 8 guests @ ZWL 1,250 each = ZWL 10,000  
   • Post‑production & transcription: ZWL 3,250  
   Sub‑total Podcast Production: ZWL 36,550  

2. Local Promotion Package  
   a) Printed flyers (A5, full‑colour, 210 g paper) – 4,750 units @ ZWL 0.85 = ZWL 4,037.50  
   b) Outdoor banners (3 m × 1.5 m, UV‑coated) – 6 units @ ZWL 1,420 = ZWL 8,520  
   c) Radio spots (Radio Harare FM, 30‑sec) – 18 airings @ ZWL 250 each = ZWL 4,500  
   d) Digital pre‑roll ads (Harare Chronicle website, 15‑sec) – 125,000 impressions @ ZWL 0.018 = ZWL 2,250  
   Sub‑total Local Promotion: ZWL 19,307.50  

3. Community Town‑Hall Support  
   • Venue hire (St. Mary’s Hall): 2 days @ ZWL 3,100 per day = ZWL 6,200  
   • Logistics (chairs, PA system, water & refreshments): ZWL 1,850  
   • Security & crowd management (certified personnel): 2 days @ ZWL 950 per day = ZWL 1,900  
   Sub‑total Town‑Hall Support: ZWL 9,950  

TOTAL COMMUNITY OUTREACH COSTS: ZWL 65,807.50  

---  

PAYMENT INSTRUCTIONS  
Bank: First Capital Bank – Harare Branch  
Account Name: The Harare Chronicle Ltd.  
Account Number: 0045‑867‑3021  
SWIFT: FCBZZWHX  

Please reference Invoice No. HC‑2020‑INV‑8427 when making payment.  

Prepared by: Isabelly Moyo  
Title: Senior Community Engagement Officer  
Phone: +263 71 842 3950  
Email: isabelly.moyo@hararechronicle.co.zw  
Date of Preparation: 06 April 2020  

---  

Your partnership sustains transparent, community‑driven dialogue and protects the public’s right to know.","Your partnership sustains transparent, communitydriven dialogue and protects the public’s right to know.","Your partnership sustains transparent, communitydriven dialogue and protects the public’s right to know.","Your partnership sustains transparent, communitydriven dialogue and protects the public’s right to know.",Generation Error
"PUBLIC COMMENDATION NOTICE  
Diário Oficial do Município do Rio de Janeiro  
Date of Publication: 2018-09-20  
Section: Urban Sustainability and Community Development  

Subject: Commendation of Ms. Belina Silveira for Outstanding Contributions to Urban Sustainability in the Santa Teresa Neighborhood

The Municipal Government of Rio de Janeiro hereby formally recognizes Ms. Belina Silveira, a 72-year-old resident of the Santa Teresa district, holder of Registro Geral (RG) number 42.781.309-5 and Brazilian citizen, for her exceptional leadership and sustained impact in promoting urban sustainability through community-based agricultural initiatives.

On October 14, 2017, Ms. Silveira launched the ""Horta Comunitária Santa Teresa"" project, establishing a community garden on a vacant lot at Rua Almirante Alexandrino, 1458. Responding to rising food insecurity among low-income residents, she worked diligently to develop the garden from six founding volunteers to a committed group of twenty-eight active members by September 30, 2018. Under her guidance, the garden expanded to cover approximately 320 square meters of formerly neglected urban space.

Ms. Silveira instituted weekly planning meetings every Saturday at 9:00 a.m. to coordinate planting schedules, maintenance tasks, and educational activities. She implemented a clear, rotating roster for watering, compost management, and pest control, ensuring equitable participation and shared stewardship. Through her grant-writing efforts, she secured R$2,500 on March 22, 2018, from the Instituto Cidade Sustentável, enabling the purchase of organic seeds, natural fertilizers, and essential gardening tools.

The garden’s harvest included fourteen vegetable and herb varieties such as couve (collard greens), alface (lettuce), manjericão (basil), cenoura (carrots), and tomate cereja (cherry tomatoes), enhancing both dietary options and biodiversity. Ms. Silveira also organized monthly workshops on organic gardening techniques, composting, and environmental awareness, each attended by an average of twenty-two local residents, fostering community education and environmental stewardship. From January 5 to September 10, 2018, the initiative donated over 120 kilograms of fresh produce to the Santa Teresa Food Bank, directly supporting families facing food insecurity.

In acknowledgment of her significant contributions to urban sustainability, community engagement, and food security, the Rio de Janeiro City Council formally commends Ms. Belina Silveira as of September 12, 2018. Her dedication serves as an inspiring model for sustainable urban development and civic responsibility across the municipality.

This commendation is issued under the authority of the Municipal Secretariat for Environment and Urban Sustainability and is duly recorded in the official archives of the City Council.

Signed,  
Secretary of Environment and Urban Sustainability  
Municipality of Rio de Janeiro",Generation Error,Generation Error,Generation Error,Generation Error
"Prepared and distributed the 2021 Annual Policy Brief titled “Renewable Energy Incentives for Vulnerable Communities” on behalf of the Environmental Defense Fund. The brief was created as a Word document and circulated to federal, state, and local policymakers. It specifically references the initiative “Renewable energy tax credits for low‑income households,” providing data analysis, case studies from three vulnerable regions, and concrete policy recommendations aimed at expanding tax credit eligibility and simplifying application procedures for low‑income households. The document was mailed to 250 legislative offices and uploaded to the EDF policy portal on March 15 2021.",Generation Error,Generation Error,Generation Error,Generation Error
"Hi Dr. Mehta,  

Our blended household of 5 members—my husband (78), my step‑daughter Aisha (16 y), my step‑son Rohan (7 y), and I (83 y) — lives at 12 Lotus Avenue, Lajpat Nagar, New Delhi 110024. Since the joint remarriage on 2020‑06‑12 we’ve been co‑parenting collaboratively, with shared weekend outings and a gradual step‑sibling bond.  

We are drafting a curfew rule: lights out at 22:00, no mobile or tablet use after 21:30, and a mandatory device‑free dinner from 19:00 to 19:45. The proposal was discussed on 2024‑09‑03 at 19:42 in the family living room (area 23 sq m, ceiling height 2.8 m).  

Aisha voiced strong frustration at the 10 PM cutoff, citing a need for extracurricular rehearsal until 22:15, while Rohan seemed visibly relieved, stating he feels “more rested” and can finish his bedtime story by 20:00. The tension escalated within a 12‑minute span, and I sensed a loyalty conflict between respecting Aisha’s growing autonomy and maintaining household consistency for Rohan.  

Could you share concrete tools or communication frameworks to navigate this push‑pull, especially techniques to validate Aisha’s needs while reinforcing the agreed‑upon structure for Rohan?  

Thank you,  
Naylor Rao, age 83, female, married, Upper income, Indian, Aadhaar 874529306128, Passport I12345678, +91‑98765‑43210, naylor.rao2021@example.com, @naylor_rao, https://naylorrao.com","Our blended household of 5 members—my husband (78), my stepdaughter Aisha (16 y), my stepson Rohan (7 y), and I (83 y)—lives at 12 Lotus Avenue, Lajpat Nagar, New Delhi 110024. Since the joint remarriage on 20200612 we’ve been coparenting collaboratively, with shared weekend outings and a gradual stepsibling bond. We are drafting a curfew rule: lights out at 22:00, no mobile or tablet use after 21:30, and a mandatory devicefree dinner from 19:00 to 19:45. The proposal was discussed on 20240903 at 19:42 in the family living room (area 23 sq m, ceiling height 2.8 m). Aisha voiced strong frustration at the 10 PM cutoff, citing a need for extracurricular rehearsal until 22:15, while Rohan seemed visibly relieved, stating he feels “more rested” and can finish his bedtime story by 20:00. The tension escalated within a 12minute span, and I sensed a loyalty conflict between respecting Aisha’s growing autonomy and maintaining household consistency for Rohan. Could you share concrete tools or communication frameworks to navigate this pushpull, especially techniques to validate Aisha’s needs while reinforcing the agreedupon structure for Rohan? Thank you, Naylor Rao, age 83, female, married, Upper income, Indian, Aadhaar 874529306128, Passport I12345678, +919876543210, naylor.rao2021@example.com, @naylor_rao, https://naylorrao.com",Generation Error,Generation Error,Generation Error
"Exhibition Catalogue  
Lagos National Museum  
Published: August 23, 2022  
Curated by Yamilah Okafor  
Contact: yamilah.okafor@gmail.com | +234 803 472 9182 | www.yamilahokafor.com  

Introduction  
This catalogue accompanies the exhibition “Dawn Horizons: A 100-Day Sunrise Journey,” featuring 50 selected images from Yamilah Okafor’s ambitious outdoor photography challenge. Over 100 days, from March 1 to June 8, 2022, Yamilah captured the first light of day across 20 iconic natural and cultural sites worldwide. This project reflects her ethical commitment to environmental stewardship and cultural respect, informed by her West African heritage and deep connection to Nigeria.  

Each entry pairs a photograph with a dialogue between Yamilah and a local expert or community member, offering layered insights into the location’s significance, challenges faced during the shoot, and the interplay between nature, culture, and light.  

---

1. Table Mountain, Cape Town, South Africa  
Date of Capture: March 5, 2022, 05:47 AM SAST  
Location: Table Mountain National Park, Tafelberg Rd, Cape Town, 8001  
Equipment: Canon EOS R5, RF 24-70mm f/2.8L lens, Gitzo tripod  
Duration on site: 3 hours (03:30–06:30)  

Dialogue:  
Yamilah: “The sunrise here was breathtaking, but the wind gusts nearly toppled my tripod.”  
Local Guide, Sipho Mbeki: “Table Mountain’s weather is famously unpredictable. The indigenous Khoi people call it ‘Hoerikwaggo,’ meaning ‘Mountain of the Sea.’ It’s sacred and a symbol of resilience.”  
Yamilah: “Capturing that resilience in the soft morning light felt like honoring their legacy.”  

---

2. Mount Fuji, Honshu, Japan  
Date of Capture: March 18, 2022, 05:12 AM JST  
Location: Chureito Pagoda, Arakurayama Sengen Park, Fujiyoshida, Yamanashi Prefecture 403-0011  
Equipment: DJI Mavic Air 2 drone, LEE Filters Polarizer  
Duration on site: 4 hours (02:30–06:30)  

Dialogue:  
Yamilah: “Flying the drone at dawn was nerve-wracking with the cold and altitude.”  
Historian, Keiko Tanaka: “Mount Fuji is a spiritual icon, representing beauty and endurance. The pagoda frames it perfectly, especially at sunrise when the sky shifts from indigo to rose.”  
Yamilah: “The interplay of tradition and nature here is humbling. It’s a reminder of how landscapes shape cultural identity.”  

---

3. Grand Canyon National Park, Arizona, USA  
Date of Capture: April 2, 2022, 06:05 AM MST  
Location: Mather Point, Grand Canyon Village, AZ 86023  
Equipment: Canon EOS R5, RF 24-70mm lens, Peak Design Backpack  
Duration on site: 5 hours (03:30–08:30)  

Dialogue:  
Yamilah: “The vastness of the canyon at sunrise is overwhelming. The colors shift dramatically.”  
Park Ranger, Daniel Ortiz: “The Grand Canyon is over 277 miles long and up to 18 miles wide. Sunrise reveals the layers of geological time.”  
Yamilah: “Shooting in RAW allowed me to capture the subtle gradations of light and shadow that tell that story.”  

---

4. Serengeti National Park, Tanzania  
Date of Capture: April 20, 2022, 06:15 AM EAT  
Location: Seronera Valley, Serengeti National Park, Tanzania  
Equipment: Canon EOS R5, RF 24-70mm lens, LEE Filters Polarizer  
Duration on site: 6 hours (04:00–10:00)  

Dialogue:  
Yamilah: “The golden light on the acacia trees was magical, but the wildlife kept me alert.”  
Local Maasai Guide, Lemayian Ole Naitore: “The Serengeti is our home. The sunrise signals the start of the day’s migration and hunting.”  
Yamilah: “Your stories helped me see beyond the frame — the sunrise is a living, breathing moment here.”  

---

5. Pyramids of Giza, Egypt  
Date of Capture: May 10, 2022, 05:30 AM EET  
Location: Giza Plateau, Al Haram, Giza Governorate, Egypt  
Equipment: Canon EOS R5, RF 24-70mm lens, Gitzo tripod  
Duration on site: 4 hours (03:00–07:00)  

Dialogue:  
Yamilah: “The ancient stones glowing in the dawn light felt timeless.”  
Egyptologist, Dr. Nabil Hassan: “The pyramids are aligned with celestial bodies. Sunrise here connects us to millennia of human ingenuity.”  
Yamilah: “Photographing at this hour was a privilege — the silence and light revealed their enduring mystery.”  

---

Additional Locations Featured in the Catalogue:  
- Bondi Beach, Sydney, Australia (March 25, 2022, 06:10 AM AEDT)  
- Santorini, Greece (April 5, 2022, 06:45 AM EEST)  
- Uluru, Northern Territory, Australia (April 15, 2022, 06:20 AM ACST)  
- Banff National Park, Alberta, Canada (May 1, 2022, 05:50 AM MDT)  
- Machu Picchu, Peru (May 18, 2022, 06:00 AM PET)  
- Victoria Falls, Zambia/Zimbabwe (May 25, 2022, 06:30 AM CAT)  
- Iguazu Falls, Argentina/Brazil (June 1, 2022, 06:15 AM ART/BRT)  
- Mount Kilimanjaro, Tanzania (June 4, 2022, 06:05 AM EAT)  
- Petra, Jordan (June 6, 2022, 05:40 AM EEST)  
- Lake Bled, Slovenia (June 7, 2022, 05:30 AM CEST)  
- Taj Mahal, Agra, India (June 8, 2022, 05:15 AM IST)  
- Great Wall of China, Mutianyu, China (June 8, 2022, 05:25 AM CST)  
- Plitvice Lakes National Park, Croatia (June 8, 2022, 05:35 AM CEST)  
- Salar de Uyuni, Bolivia (June 8, 2022, 06:00 AM BOT)  
- Halong Bay, Vietnam (June 8, 2022, 05:45 AM ICT)  

Closing Remarks  
Yamilah Okafor’s “Dawn Horizons” is more than a photographic record; it is a dialogue between light, place, and people. Her ethical lens and technical mastery invite viewers to witness the fragile beauty of our planet’s dawns and the diverse cultures that greet each new day. This catalogue stands as a testament to the power of art to connect global narratives through the universal language of sunrise.  

For further inquiries or to purchase prints, please contact the Lagos National Museum or visit www.yamilahokafor.com.","Introduction This catalogue accompanies the exhibition “Dawn Horizons: A 100-Day Sunrise Journey,” featuring 50 selected images from Yamilah Okafor’s ambitious outdoor photography challenge. Over 100 days, from March 1 to June 8, 2022, Yamilah captured the first light of day across 20 iconic natural and cultural sites worldwide. This project reflects her ethical commitment to environmental stewardship and cultural respect, informed by her West African heritage and deep connection to Nigeria. Each entry pairs a photograph with a dialogue between Yamilah and a local expert or community member, offering layered insights into the location’s significance, challenges faced during the shoot, and the interplay between nature, culture, and light.",Generation Error,Generation Error,Generation Error
"Family Systems chart note – Systemic, diagrammatic  

Family Map Overview  
- Shravya Patil (female, 56, Hindu, O+, Marathi speaker, Aadhaar 874562319845, passport N9845621, phone +91-98231-74658, email shravya.patil2021@example.com, user_handle shravya_katha) – primary client, resident of 12/3, Shukrawari Lane, Pune, Maharashtra 411001.  
- Husband: Rajesh Patil (male, 58, Christian, O+, English‑Marathi bilingual, employed as senior manager, phone +91-98231-74912).  
- Shravya’s parents: Mr. Dattatraya Patil (71, retired school principal) & Mrs. Laxmi Patil (68, homemaker), residing at 8/2, Bhosari, Pune, Maharashtra 411036.  
- Rajesh’s parents: Mr. Michael James (73, retired railway supervisor) & Mrs. Anita James (70, retired nurse), residing at 45, Green View Society, Kalyani Nagar, Pune, Maharashtra 411014.  
- Children: Aarav Patil (23, graduate student, Hindu) & Maya Patil (21, college sophomore, Christian), living in shared apartment at 22/5, Viman Nagar, Pune.  
- Extended relatives: 4 aunts/uncles on Shravya’s side, 3 on Rajesh’s side; each with own nuclear families.  

Issue Summary  
- Major challenge: Coordinating Navratri fasting (9‑day period, 2024‑10‑02 to 2024‑10‑10) with Christmas celebrations (2024‑12‑24 to 2024‑12‑26).  
- Conflict points:  
   • Overlap of school holidays for Aarav and Maya (Navratri evenings clash with Christmas break schedule).  
   • Dietary restrictions: Navratri fasting (no onion, garlic, non‑veg) vs Christmas dinner (roast turkey, dairy desserts).  
   • Ritual timing: Simultaneous evening puja at Shaniwar Wada, Balgandharva Road, Pune (10:30‑12:30) and Christmas midnight mass at St. Francis Church, Pune (00:00‑01:00).  
   • Emotional strain: Shravya reports feeling “guilt‑laden” (7/10 on self‑report scale) and Rajesh reports “frustration” (6/10).  
   • Family council meetings (3 meetings in September 2024, each 90 min) have produced a shared digital calendar but adherence is inconsistent (attendance rate 58%).  

Systemic Interaction  
- Subsystem A (Shravya’s natal family): Strong adherence to traditional Navratri rites; expressed concern that diluting fasting undermines cultural identity.  
- Subsystem B (Rajesh’s natal family): Emphasizes inclusive Christmas traditions; perceives Navratri restrictions as exclusionary for their guests.  
- Subsystem C (Couple’s dyad): Negotiates compromises (partial fasting on Christmas Eve, alternate vegetarian Christmas menu) but reports communication breakdown during high‑stress moments (observed 4 instances of raised voice in past month).  
- Subsystem D (Children): Split loyalties; Aarav prefers Navratri observance (attended 5 pujas), Maya prefers Christmas (participated in 3 carol sessions). Reports sleep disruption (average 5.2 h/night) during overlapping periods.  
- Subsystem E (Extended relatives): 9 relatives (5 on Shravya side, 4 on Rajesh side) have voiced “schedule fatigue” and threatened non‑participation in future joint events if accommodations are not solidified.  

Therapist Interventions  
- Boundary setting: Established “Sacred Time Blocks” – Navratri puja (10:30‑12:30) and Christmas mass (00:00‑01:00) as inviolable; advised families to honor these windows without cross‑interruptions.  
- Communication enhancement: Introduced Structured Dialogue Protocol (SDP) – 5‑minute turn‑taking, reflective listening, and “I‑statement” usage; practiced during session (duration 22 min).  
- Conflict resolution tool: Developed “Cultural Fusion Menu” template (quantified 3 vegetarian dishes, 2 non‑veg alternatives, 4 dessert options) to be co‑created by Shravya and Rajesh before each holiday.  
- Psycho‑education: Provided brief on “Dual‑Calendar Management” using shared Google Calendar with color‑coded alerts (Navratri = saffron, Christmas = red); set reminder frequency to 48 h and 24 h prior.  
- Emotional regulation: Taught diaphragmatic breathing (6‑cycle inhalation/exhalation) to reduce physiological arousal; client reported 30 % decrease in heart rate during mock conflict role‑play.  

Planned Systemic Work  
- Next session (2024‑09‑24, 14:00‑15:30, Mindful Harmony Counseling Center, 3rd Floor, Survey No. 12, Pune) – focus on co‑construction of “Joint Celebration Charter” with measurable goals (e.g., ≥80 % family attendance at combined Navratri‑Christmas event).  
- Assign homework: Each subsystem to submit a one‑page “Priority Timeline” by 2024‑09‑20; therapist to synthesize into master schedule.  
- Follow‑up on adherence to SDP; monitor vocal tone using brief audio sample analysis (target decibel <65 dB).  
- Evaluate children’s sleep patterns with actigraphy (target ≥7 h/night) during next overlapping holiday cycle.  
- Review effectiveness of Cultural Fusion Menu after first implementation on 2024‑12‑24; adjust portion sizes (e.g., 250 g veg curry, 180 g protein substitute).",Generation Error,Generation Error,Generation Error,Generation Error
"Record: On March 12, 2025, a professional liability lawsuit was filed in the Copenhagen District Court by plaintiff Lars Pedersen, a former patient of Rigshospitalet’s emergency department. The complaint alleges that Tomma Nielsen, who was employed at the time as a Registered Nurse – Emergency Department, failed to follow established triage protocols, resulting in delayed treatment and subsequent complications. The plaintiff’s claim cites specific instances on February 28, 2025, when Nurse Nielsen allegedly omitted critical vital‑signs documentation and did not administer prescribed analgesics within the required timeframe. The filing seeks compensatory damages for pain and suffering, medical expenses, and loss of earnings, and requests a declaratory judgment that the hospital’s policies be revised to prevent similar negligence.",Generation Error,Generation Error,Generation Error,Generation Error
"Version: 2.1
# Export of counseling utilization for student J8K2L9M4N7 (Welburn Al-Mansour) – Jordan University of Science and Technology, Counseling Center, Building A, 2nd Floor, Al‑Mafraq Road, Irbid, Jordan
Record_Status,SessionID,Date,Therapist,StudentID,Status
active,847391,2023-02-03 14:00,Dr. Lina Haddad,J8K2L9M4N7,completed
active,239874,2023-02-10 14:00,Dr. Lina Haddad,J8K2L9M4N7,completed
active,562918,2023-02-17 14:00,Dr. Lina Haddad,J8K2L9M4N7,completed
active,714305,2023-02-24 14:00,Dr. Lina Haddad,J8K2L9M4N7,completed
active,389642,2023-03-03 14:00,Dr. Lina Haddad,J8K2L9M4N7,completed
active,950271,2023-03-10 14:00,Dr. Lina Haddad,J8K2L9M4N7,completed
active,127845,2023-03-17 14:00,Dr. Lina Haddad,J8K2L9M4N7,completed
active,683219,2023-03-24 14:00,Dr. Lina Haddad,J8K2L9M4N7,completed
active,471036,2023-03-31 14:00,Dr. Lina Haddad,J8K2L9M4N7,completed
active,832497,2023-04-07 14:00,Dr. Lina Haddad,J8K2L9M4N7,completed
active,594720,2023-04-21 14:00,Dr. Lina Haddad,J8K2L9M4N7,completed
active,318459,2023-04-28 14:00,Dr. Lina Haddad,J8K2L9M4N7,completed",Generation Error,Generation Error,Generation Error,Generation Error
"Subject: Coping with Lars’s loss  

Dear Anna,  

I hope you are well. I am looking forward to our session on Thursday, 2024‑09‑12 at 14:00 – 15:30 in the art‑therapy room at Statens Museum for Kunst, SØlvgade 48‑50, 1307 København K. The 90‑minute slot will be my first opportunity since the exhibition on 2022‑06‑12 to discuss the lingering effects of Lars’s passing.  

### Current grief symptoms  
- Insomnia (averaging 4–5 hours of fragmented sleep per night)  
- Loss of appetite (often skipping breakfast, consuming only 180 ml of tea)  
- Frequent crying spells (approximately 3–4 episodes per week, each lasting 6–12 minutes)  
- Withdrawal from social activities (declined 7 invitations since 2023‑11‑03)  

Since the loss, my palette has shifted from the bright ochres of the summer fields near Østerbro to a muted range of slate‑gray and deep indigo. The lack of sleep makes the brush feel heavier, and the reduced appetite has left my hands slightly trembling, which unintentionally adds texture to the sky in my recent canvas “Mørk Morgen” (92 cm × 68 cm, completed 2024‑02‑27). I find myself gravitating toward cooler tones as a subconscious attempt to contain the ache, while the occasional burst of crimson reflects the moments when Lars’s laughter resurfaces in memory.  

Warm regards,  

Rhinda Jørgensen  
Age 82 | DOB 1941‑02‑05  
Email: rhinda.jorgensen1941@gmail.com  
Phone: +45 31 72 84 56",Generation Error,Generation Error,Generation Error,Generation Error
"Location: Evajane Schneider’s apartment, Dudenstraße 15, near Viktoriapark, 10965 Berlin  
Date: 08.07.2019  
Time: 16:12 CET

Phone call (recorded):  
Evajane Schneider (+49 30 23456789) called Deutsche Bank Fraud Department

Evajane Schneider:  
“Good afternoon, my name is Evajane Schneider, customer number 015827612, account ending 7612. I just received an email at 15:47 from an address claiming to be Deutsche Bank Security (sicherheit@deutschebnak.com), but it had spelling mistakes and asked me to verify my details through a link. I haven’t clicked on anything, but I’m worried my information might be at risk.”

Bank Representative (Frau Jäger):  
“Thank you for your call, Frau Schneider. To clarify, have you noticed any unusual activity, for example, unexpected logins or transactions on your account?”

Evajane Schneider:  
“No, none so far. I just checked my mobile banking app. But I’d like to change my password immediately and set up additional security if possible.”

Bank Representative (Frau Jäger):  
“Very good. Let’s reset your password now. I’m sending an SMS code to your phone number ending in 6789. Please read the six-digit code back to me when you receive it.”

Evajane Schneider:  
“Got it—802316.”

Bank Representative (Frau Jäger):  
“Thank you. Your password is now reset. We now offer app-based two-factor authentication, which I can activate for you. You’ll get a prompt in your Deutsche Bank mobile app—please confirm when you see it.”

Evajane Schneider:  
“One moment... yes, I see it and I’ve approved.”

Bank Representative (Frau Jäger):  
“Perfect. Two-factor authentication is now active for your current and all future online logins. Please keep an eye on your account and contact this number—or visit your local branch—if you see anything unusual. Also, if you saved your card details online elsewhere, you may wish to update those passwords as well.”

Evajane Schneider:  
“Thank you very much for your help. I will also file a report with the local police for documentation.”

Bank Representative (Frau Jäger):  
“That’s a sensible precaution. If you have the suspicious email, please forward it to phishing@deutsche-bank.de.”

Evajane Schneider:  
“I already did. Thank you.”

In-person report:  
Polizeidirektion 5 – Abschnitt 53, Friesenstraße 16, 10965 Berlin, 17:03 CET

Police Officer (Herr Müller):  
“Guten Tag. Wie kann ich Ihnen helfen?”

Evajane Schneider:  
“Mein Name ist Evajane Schneider. Hier ist mein Personalausweis (D8402937612) und mein Reisepass (C41X8L9Q2). Ich habe heute um 15:47 Uhr eine Phishing-Mail erhalten, die vorgab, von der Deutschen Bank zu sein. In der Mail wurde ich aufgefordert, auf einen Link zu klicken und meine Zugangsdaten einzugeben. Ich habe das nicht getan, sondern umgehend meine Bank kontaktiert, mein Passwort geändert und die Zwei-Faktor-Authentifizierung aktiviert.”

Police Officer (Herr Müller):  
“Haben Sie die E-Mail noch?”

Evajane Schneider:  
“Ja, ich habe sie ausgedruckt und bereits an das Bundesamt für Sicherheit in der Informationstechnik (BSI) weitergeleitet. Hier ist eine Kopie für Ihre Unterlagen.”

Police Officer (Herr Müller):  
“Danke. Wir nehmen Ihre Anzeige auf und erstellen ein Aktenzeichen. Sollten Sie weitere verdächtige Aktivitäten bemerken, melden Sie sich bitte umgehend bei uns. Das Vorgehen war absolut richtig.”

Evajane Schneider:  
“Vielen Dank für Ihre Unterstützung.”

[Incident filed under reference 530482/19 at Polizeidirektion 5.]

End of record.",Generation Error,Generation Error,Generation Error,Generation Error
"How I Banged Out 120 Hours of Study for a Crucial Exam  

The pressure of a 30 % weighted, open‑book, three‑hour written exam in Advanced Thermodynamics was acute. With the exam scheduled for 09:00 – 12:00 on 5 November 2020 in Aalto University, Building 1, Lecture Hall 204 (Otakaari 2, Espoo, Finland), I had exactly eight weeks from the date the syllabus was released (27 September 2020) to transform 120 hours of preparation into reliable performance.  

**Planning framework** – I began by constructing a Gantt‑style timeline in Microsoft Excel (version 2208) on 1 October 2020 at 07:45. The framework divided the total workload into four pillars: (1) core theory consolidation (35 h), (2) derivation practice (30 h), (3) problem‑set execution (40 h), and (4) mock‑exam simulation (15 h). Each pillar was allocated to specific calendar slots, respecting my preferred circadian rhythm (peak cognition between 09:30 – 11:30 and 18:00 – 20:00). I logged all sessions in a Notion database, tagging entries with “#ThermoStudy”, “#AaltoPrep”, and “#120hGoal”.  

**Weekly milestones** –  

- **Week 1 (2 Oct – 8 Oct)**: 12 h of theory at my home office (12 Kukkulanpolku, Espoo, 02330) using the textbook “Fundamentals of Thermodynamics” (8th ed., 784 pages). I read chapters 3‑5 (≈ 210 pages) and annotated 68 key equations on A4‑size sticky notes (9 × 9 cm).  

- **Week 2 (9 Oct – 15 Oct)**: 14 h of derivation drills in the university library (Otakaari 2, Room B‑302) from 10:15 – 12:45 and 14:30 – 16:30. I reproduced 22 derivations, each averaging 32 minutes, and recorded the process on a Sony ZV‑1 (serial SN XZ5829).  

- **Week 3 (16 Oct – 22 Oct)**: 18 h of problem‑set execution at the local café “Kahvila Katu” (Katu 7, 02100 Helsinki). I tackled 42 problems from past finals, logging 1 h 12 min per problem on average, and used a calibrated digital timer (± 1 second).  

- **Week 4 (23 Oct – 29 Oct)**: 16 h of mixed activities—6 h of theory review, 5 h of derivation recap, and 5 h of timed problem sets—conducted in a quiet corner of the Aalto campus gym (Otakaari 2, Gym Hall A) between 08:00 – 10:00 and 19:00 – 21:00.  

- **Week 5 (30 Oct – 5 Nov)**: 20 h of mock‑exam simulation. I printed two full‑length mock papers (each 90 pages, 120 questions) on the university’s high‑resolution printer (HP LaserJet M506) and completed them under strict exam conditions: 08:45 – 11:45, no notes, open‑book only. I then spent 3 h reviewing each answer with a peer tutor from the Department of Mechanical Engineering (Dr. Leena Väisänen, email leena.v@aalto.fi).  

- **Week 6 (6 Nov – 12 Nov)**: 12 h of final polishing, focusing on weak spots identified in the mock analysis (entropy‑generation calculations, exergy balance). Sessions were held at my kitchen table (12 Kukkulanpolku) from 07:30 – 09:00, using a calibrated digital scale (0.01 g) to verify unit consistency in calculations.  

The cumulative total reached **120 hours ± 2 minutes**, verified by the time‑tracking export (CSV) from Notion.  

**Adjustments made** – Mid‑course, I observed a plateau in problem‑solving speed after week 3. To break the stagnation, I introduced spaced‑repetition flashcards (Anki, deck ID 483921) for 15 minutes each morning at 06:45, targeting 27 thermodynamic identities. Additionally, I shifted two evening sessions to the campus study lounge (Otakaari 2, Lounge C) to benefit from natural daylight, which improved alertness scores on the Karolinska Sleepiness Scale from 5.2 to 2.8 (measured with a smartphone app).  

**Reflective assessment** – The case study demonstrates that a disciplined, data‑driven schedule can translate 120 hours of heterogeneous study into measurable competence under high‑stakes conditions. The layered structure—segregating theory, derivation, application, and simulation—provided redundancy that mitigated knowledge decay. Post‑exam analysis (score 84 / 100) indicated a 12‑point gain over the baseline mock (72 / 100), confirming the efficacy of the adjustments. Going forward, I will retain the weekly milestone template for future credentialing exams, adapting the pillar weights to the specific assessment rubric.  

Profile reference: Zakeia Laine, Female, European, Finnish citizen, age 62, single, Upper‑Middle income, ethical, native Finnish speaker, blood type AB‑, Finnish Personal Identity Number 140358‑987B, passport K9M2V8Q3Z, phone +358 44 792 8456, email zakeia.laine@example.com, handle @zakeia_62, website https://zakeia-laine.com. Date of record 19 December 2020.",Generation Error,Generation Error,Generation Error,Generation Error
"Personal Gardening Journal Entry  
Submitted to the Turkish Ministry of Agriculture – 2022 Organic Garden Subsidy Program  

--------------------------------------------------------------------
Applicant: Aracelli Yılmaz  
Date of Birth: 05 December 1973 (Age 49)  
Marital Status: Married Income Class: Upper‑middle Morality Level: Ethical  
Citizenship: Republic of Turkey National ID No.: 7F9B3K2L8Q Passport No.: XJ0428379  
Phone: +90 532 764 8193 E‑mail: aracelli.yilmaz@example.com  
User Handle: aracelli_yilmaz Website: https://www.aracelli-yilmaz.com  

Garden Location: 12 Çiçek Sokak, Bağcılar, Istanbul, Turkey  
Plot: 85 m² raised‑bed system (3 × 2.8 m beds, 30 cm depth) – drip‑irrigated, mulched with 5 cm straw  
Report Period: 03 April 2022 – 05 October 2022  

--------------------------------------------------------------------
I. Soil Preparation (03 April 2022, 07:45–08:20)

- Tilled to 25 cm, incorporated 35 kg mature compost (45 % organic matter) and 12 kg well‑rotted horse manure (C:N ≈ 18:1).  
- Soil texture (hydrometer method): 2.8 % sand, 61 % silt, 36 % clay; bulk density 1.28 g cm⁻³.  
- pH measured 5.9; amended with 2.3 kg dolomitic lime (CaCO₃ + MgCO₃) – pH target 6.5, achieved 6.48 (10 May).  
- Added 0.5 kg m⁻² bio‑char (surface‑mixed) for water‑holding capacity.  
- Final organic matter content 7.2 % (loss‑on‑ignition).  

II. Climate Summary (April‑October 2022)

- Mean daily temperature: 18.4 °C (range 10.2 °C – 33.7 °C).  
- Total precipitation: 375 mm (April = 42 mm, May = 55 mm, June = 68 mm, July = 87 mm, August = 71 mm, September = 52 mm).  
- Average relative humidity: 71 %.  
- Solar radiation (global, MJ m⁻² day⁻¹): 18.6 (April) → 24.3 (July).  

III. Irrigation Management  

- Drip system: 1.2 mm h⁻¹ emitters, 2 L h⁻¹ per plant (adjusted per crop).  
- Schedule: 06:00–07:00 and 18:30–19:15 daily; supplemental 30‑min midday boost (12:30–13:00) during heat spikes >32 °C.  
- Volumetric water content (VWC) logged by soil sensors: mean 22 % ± 3 % (optimal for loam).  

--------------------------------------------------------------------
CROP DETAILS & YIELDS  

1. TOMATOES – ‘San Marzano’ heirloom (indeterminate)  
   Planting: 28 seedlings transplanted 12 April 2022, 09:10–09:45; spacing 45 cm within bed #1.  
   Support: 1.8 m bamboo stakes, biodegradable twine, trellis netting (1 m × 2 m).  
   Fertilisation: 150 g m⁻² organic N‑PK 5‑3‑2 (compost‑based) at transplant, plus 2 L m⁻² compost tea (bi‑weekly).  
   Pest Management: Neem oil 5 ml L⁻¹ (weekly 20 April–28 July), Bacillus thuringiensis applied 3 ×  against tomato leaf miner (early June, mid‑July, early August).  
   Harvest: First commercial fruit 12 July 2022; bi‑weekly harvests to 02 Oct 2022.  

   Yield Summary – Tomatoes  
   -----------------------------------------------------------  
   Total harvested weight                44.7 kg  
   Number of plants harvested            28  
   Average weight per plant              1.60 kg  
   Harvest windows (dates)               12‑Jul, 26‑Jul, 09‑Aug, 23‑Aug, 06‑Sep, 20‑Sep, 02‑Oct  
   Marketable fruit (% total)            92 %  
   Post‑harvest loss (spoilage)           2.5 %  
   -----------------------------------------------------------  

2. ZUCCHINI – ‘Cocozelle’ hybrid (bush)  
   Sowing: Direct‑seeded 05 April 2022, 08:30–09:00; row spacing 60 cm, intra‑row spacing 30 cm; seed depth 2 cm.  
   Mulch: 3 cm straw applied immediately after sowing.  
   Fertiliser: 120 g m⁻² kelp‑based liquid fertilizer (N‑P‑K = 2‑1‑2) applied fortnightly via drip.  
   Pest Management: Foliar spray of seaweed extract (3 ml L⁻¹) every 14 days; light aphid infestation controlled with insecticidal soap (2 ml L⁻¹) on 15 June.  
   Harvest: First fruit 22 May 2022; harvested every 3–4 days through 28 Sep 2022.  

   Yield Summary – Zucchini  
   -----------------------------------------------------------  
   Total harvested weight                29.8 kg  
   Number of fruits harvested            124  
   Average weight per fruit              0.24 kg  
   Harvest period                        02‑Jun to 28‑Sep 2022  
   Fruit size distribution               85 % 15‑20 cm, 12 % 20‑25 cm, 3 % >25 cm  
   Loss due to pests (aphids)            1.8 %  
   -----------------------------------------------------------  

3. BELL PEPPERS – ‘California Wonder’ (Capsicum annuum)  
   Transplanting: 18 April 2022, 10:00–10:45; 40 cm spacing, rows 70 cm apart (bed #2).  
   Bio‑char amendment: 0.5 kg m⁻² mixed into substrate at planting.  
   Irrigation: 1.5 L h⁻¹ per plant (06:45–07:30) + misting 0.4 L h⁻¹ (14:00–14:20) for humidity boost.  
   Fertiliser: 100 g m⁻² fish‑emulsion (N‑P‑K = 4‑2‑1) applied at transplant, then weekly compost tea (250 ml m⁻²).  
   Pest Management: Weekly neem oil (same concentration as tomatoes) and one application of kaolin clay (1 % suspension) on 30 June.  
   Harvest: First mature fruit 15 July 2022; weekly harvests until 04 Oct 2022.  

   Yield Summary – Bell Peppers  
   -----------------------------------------------------------  
   Total harvested weight                24.6 kg  
   Number of fruits harvested            312  
   Average weight per fruit              0.079 kg  
   Harvest dates                         15‑Jul, 22‑Jul, 29‑Jul, 05‑Aug, 12‑Aug, 19‑Aug, 26‑Aug, 02‑Sep, 09‑Sep, 16‑Sep, 23‑Sep, 30‑Sep, 04‑Oct  
   Color distribution                    68 % red, 22 % orange, 10 % yellow  
   Post‑harvest bruising loss             1.2 %  
   -----------------------------------------------------------  

4. EGGPLANT – ‘Black Beauty’ (Solanum melongena)  
   Sowing: Direct‑seeded 07 April 2022, 09:20–09:50; spacing 50 cm, rows 80 cm apart (bed #3).  
   Thinning: Reduced to one seedling per hill after 21 days.  
   Mulch: 2 cm wood chips applied 15 May 2022.  
   Irrigation: 2.0 L h⁻¹ per plant (06:45–07:30) + 30‑min midday boost (12:30–13:00) during >32 °C days (average 4 days/month).  
   Fertiliser: 130 g m⁻² compost‑based N‑PK 4‑2‑3 at sowing, plus bi‑weekly liquid seaweed (2 ml L⁻¹).  
   Pest Management: Weekly neem oil; one spot‑treatment with copper oxychloride (0.5 g L⁻¹) for early blossom‑end rot (early August).  
   Harvest: First fruit 20 July 2022; every 10 days thereafter.  

   Yield Summary – Eggplant  
   -----------------------------------------------------------  
   Total harvested weight                18.3 kg  
   Number of fruits harvested            94  
   Average weight per fruit              0.195 kg  
   Harvest intervals                     20‑Jul, 30‑Jul, 09‑Aug, 19‑Aug, 29‑Aug, 08‑Sep, 18‑Sep, 28‑Sep  
   Incidence of blossom‑end rot          2.1 %  
   -----------------------------------------------------------  

5. BASIL – ‘Genovese’ (Ocimum basilicum) – inter‑cropped between tomato rows  
   Sowing: Seed trays 04 April 2022, 07:15–07:45; transplant 25 April 2022, 08:00–08:30 (spacing 25 cm).  
   Top‑dressing: Compost tea 250 ml m⁻² weekly.  
   Harvest: Cutting 5 cm above soil, 1 week after transplant, then weekly until 20 Oct 2022.  

   Yield Summary – Basil  
   -----------------------------------------------------------  
   Total fresh biomass                   7.4 kg  
   Number of harvest events              21  
   Average per event                     0.35 kg  
   Dry matter (48 h air‑dry)             12 %  
   Loss due to fungal spots              0.9 %  
   -----------------------------------------------------------  

--------------------------------------------------------------------
LESSONS LEARNED  

1. **Irrigation Efficiency** – The combined drip + midday boost maintained optimal VWC (22 % ± 3 %) and reduced water use by 14 % compared with a conventional sprinkler trial on a neighboring plot.  
2. **Soil Amendments** – Early incorporation of high‑quality compost and bio‑char accelerated nutrient release; leaf chlorophyll readings (SPAD) averaged 42 for tomatoes versus 35 in the previous year’s control.  
3. **Integrated Pest Management** – Neem oil (5 ml L⁻¹) and seaweed extract (3 ml L⁻¹) kept pest pressure low; only one aphid outbreak (bell peppers) required a targeted insecticidal‑soap spray.  
4. **Mulching Benefits** – Straw mulch on zucchini and wood‑chip mulch on eggplant lowered soil temperature fluctuations (±4 °C) and extended the productive window by ≈4 days versus the 2021 un‑mulched trial.  
5. **Inter‑cropping Effect** – Basil inter‑cropped with tomatoes reduced leaf spot incidence by 7 % (measured as % infected leaf area) and contributed an additional 7.4 kg of fresh herb biomass for market sale.  

--------------------------------------------------------------------
Prepared by: Aracelli Yılmaz  
Signature: _______________________ Date: 05 December 2022  

(End of document – to be printed and submitted as a typed PDF)",Personal Gardening Journal Entry Submitted to the Turkish Ministry of Agriculture – 2022 Organic Garden Subsidy Program,PII Removed,,
"Subject: Testimonial Video Participation and Academic Performance Context

Dear Members of the Universitätsstipendium Scholarship Committee,

I hope this message finds you well. I am writing in response to your invitation dated March 3, 2024, regarding my participation in the testimonial video project to support current and future scholarship recipients.

I am grateful for this opportunity to share my experiences and contribute to the community that has supported me throughout my academic journey. In preparing for the testimonial, I would like to provide context regarding a particular phase of my academic record. During the summer semester of 2022 (June 1 to July 20), my GPA declined from 1.7 to 2.3. This period coincided with challenges I faced managing generalized anxiety disorder, which adversely affected my performance during the final exams.

To address these challenges, I committed to daily mindfulness meditation sessions—approximately 20 minutes each morning—and consistently attended weekly counseling sessions at the Universität Hamburg Student Health Center, located at Martin-Luther-King-Platz 6, 20146 Hamburg. These supports played a crucial role in my mental health recovery and contributed to my subsequent improvement in academic performance in the following winter semester.

Given the sensitive nature of mental health disclosures and their influence on public perception, I would appreciate your advice on how best to incorporate this aspect of my experience into the testimonial. My goal is to provide an honest, constructive narrative that reflects both personal growth and aligns with the values of the scholarship program and the university.

Please let me know if you need any additional information or would like to discuss this further. I am available for a meeting at your convenience and can be reached via email or by phone at +49 1512 8473920.

Thank you very much for your understanding and continued support.

Kind regards,  
Sheletha Krauss  
s.krauss2000@gmail.com  
+49 1512 8473920  
https://www.linkedin.com/in/sheletha-krauss",Generation Error,Generation Error,Generation Error,Generation Error
"Freie Ärzte Berlin – Printed Meeting Minutes  
Discussion on Allianz Berufs‑Haftpflicht Coverage Options  
Date: 2023‑02‑14 Time: 09:02 – 11:27 (2 h 25 m)  
Location: Königstraße 45, 10178 Berlin, Conference Room A (adjacent to the Berlin State Library)  

Attendance & Apologies  
- Dr. Benni Schulz (Member, ID T1234567890, Passport C1239876X, Email benni.schulz@medmail.de, Phone +49 171 834 2597)  
- Dr. Anna Keller (Chair)  
- Dr. Markus Vogel (Treasurer)  
- Dr. Sofia Neumann (Secretary)  
- Dr. Lars Hoffmann (Member)  
- Dr. Petra Braun (Member)  
Apologies: Dr. Thomas Weber (on call), Dr. Claudia Meier (out of town)  

Agenda Item 1 – Current Malpractice Coverage Landscape (09:05 – 09:38)  
The board reviewed the statutory requirement for freelance physicians to maintain a minimum liability coverage of €3,000,000. Recent regulatory amendment (BGB‑§ 630b) now recommends a ceiling of €5,000,000 for high‑risk specialties. A brief survey of 42 members showed 68 % currently hold policies below the recommended limit.  

Action Tracker – Item 1  
Action Owner Due Date Status  
Compile updated member coverage matrix Dr. Markus Vogel 2023‑02‑28 In progress  
Distribute regulatory summary (BGB‑§ 630b amendment) Dr. Sofia Neumann 2023‑02‑22 Completed  

Agenda Item 2 – Presentation of Allianz Berufs‑Haftpflicht Options (09:40 – 10:12)  
Dr. Benni Schulz presented his recent application (submitted 2023‑03‑28 09:47:13) for the “Allianz Berufs‑Haftpflicht” plan with the following parameters:  
- Coverage amount: €5,000,000  
- Annual premium: €1,850  
- Policy start date: 2023‑04‑01  
- Required documents: Medical‑license copy, CV, proof of 12 CME credits, Personalausweis verification (ID T1234567890)  
- Processing time estimate: 14 days (expected completion 2023‑04‑14)  

He highlighted the insurer’s “Claims‑Free Bonus” (2 % discount after 3 claim‑free years) and the optional “Legal‑Defense Extension” (€250 k additional). The presentation included a side‑by‑side cost comparison chart (Allianz vs. HDI vs. R+V) showing a €210 average premium saving with Allianz for the €5 M limit.  

Action Tracker – Item 2  
Action Owner Due Date Status  
Request detailed rate‑breakdown from Allianz (incl. optional extensions) Dr. Benni Schulz 2023‑02‑20 Pending  
Prepare FAQ sheet for members on required documentation (including ID format AB‑) Dr. Anna Keller 2023‑02‑24 Pending  

Agenda Item 3 – Comparison with Alternative Insurers (10:14 – 10:48)  
The committee examined three alternative providers:  
1. HDI Haftpflicht – €1,970 premium, €4.8 M limit, 18‑month claim‑free discount.  
2. R+V Versicherung – €1,895 premium, €5 M limit, no bonus, higher deductible (€5,000).  
3. DKV – €1,845 premium, €5 M limit, limited to physicians with >5 years experience.  

Statistical model (Monte‑Carlo simulation, 10,000 iterations) indicated Allianz’s risk‑adjusted cost‑efficiency index at 0.87, the lowest among the four.  

Action Tracker – Item 3  
Action Owner Due Date Status  
Finalize comparative matrix with confidence intervals (95 %) Dr. Lars Hoffmann 2023‑03‑05 In progress  
Solicit member feedback on preferred optional extensions (Legal‑Defense, Business‑Interruption) Dr. Petra Braun 2023‑03‑12 Pending  

Agenda Item 4 – Decision on Collective Negotiation (10:50 – 11:12)  
After a 12‑minute open floor discussion, the board voted (8‑yes, 0‑no, 0‑abstain) to appoint a negotiation team to approach Allianz for a group‑discount clause. The team will aim for a 5 % reduction on the base premium for members who commit to a three‑year term.  

Action Tracker – Item 4  
Action Owner Due Date Status  
Form negotiation team (2‑member) Dr. Anna Keller (Team Lead) & Dr. Benni Schulz (Member) 2023‑02‑21 Formed  
Draft collective agreement proposal (incl. term‑sheet) Dr. Benni Schulz 2023‑03‑01 Pending  

Agenda Item 5 – Next Steps & Closing Remarks (11:14 – 11:27)  
The secretary confirmed distribution of minutes within 48 hours via the association’s secure portal (URL: https://www.bennischulz.de/association/minutes). The next meeting was scheduled for 2023‑03‑15, 09:00, at the same venue, with a focus on finalizing the Allianz proposal.  

The meeting was adjourned at 11:27.  

Prepared by: Dr. Sofia Neumann, Secretary  
Approved by: Dr. Anna Keller, Chair.",Generation Error,Generation Error,Generation Error,Generation Error
"From: tahjmir.popescu@outlook.com  
Sent: 12 June 2024 09:45 CET  
To: registration@engineersireland.ie  
Cc: anca.ionescu@engineersireland.ie  
Subject: Proof of payment for application fee – REF-9K3L7M2  

Dear Registration Team,

I am writing to confirm that I have paid the €250.00 application fee required for my registration with Engineers Ireland. Please find the complete SEPA Credit Transfer details below:

- **Beneficiary:** Engineers Ireland – Registration Board  
  123 Queen Street, Dublin, D02 X123, Ireland  

- **Remitter:** Banca Transilvania – Bucharest Branch  
  **IBAN (remitter):** RO49BANK0009876543210123  
  **BIC (SWIFT):** BANERO22  

- **Amount transferred:** €250.00 (EUR)  

- **Payment method:** SEPA Credit Transfer (Eurozone Single‑Euro Payments Area)  

- **Date of initiation:** 8 June 2024 (08:17 CET)  

- **Bank‑generated transaction reference:** TRX20240608000123  

- **Your reference (as instructed):** REF‑9K3L7M2  

- **Date funds credited to beneficiary:** 9 June 2024 (confirmed by my bank statement)  

The official SEPA transaction receipt (PDF file “SEPA_Transaction_Receipt_REF‑9K3L7M2.pdf”) is attached for your records.  

A copy of this email has been forwarded to my colleague, Ms. Anca Ionescu, who is assisting me with the remaining documentation.

Thank you for processing this payment. Please let me know if any further information is required, and I look forward to receiving confirmation of the next steps in the professional registration process.

Yours sincerely,

Tahjmir Popescu  
Mechanical Engineer (B.Sc., Politehnica University of Bucharest)  
Phone: +40 722 345 678  
Email: tahjmir.popescu@outlook.com  
Address: 12 Strada Libertății, 030167 Bucharest, Romania  
Website: https://tahjmirpopescu.org","I have paid the €250.00 application fee required for my registration with Engineers Ireland. Please find the complete SEPA Credit Transfer details below: - **Beneficiary:** Engineers Ireland – Registration Board 123 Queen Street, Dublin, D02 X123, Ireland - **Remitter:** Banca Transilvania – Bucharest Branch **IBAN (remitter):** RO49BANK0009876543210123 **BIC (SWIFT):** BANERO22 - **Amount transferred:** €250.00 (EUR) - **Payment method:** SEPA Credit Transfer (Eurozone SingleEuro Payments Area) - **Date of initiation:** 8 June 2024 (08:17 CET) - **Bankgenerated transaction reference:** TRX20240608000123 - **Your reference (as instructed):** REF9K3L7M2 - **Date funds credited to beneficiary:** 9 June 2024 (confirmed by my bank statement) The official SEPA transaction receipt (PDF file “SEPA_Transaction_Receipt_REF9K3L7M2.pdf”) is attached for your records. A copy of this email has been forwarded to my colleague, Ms. Anca Ionescu, who is assisting me with the remaining documentation. Thank you for processing this payment. Please let me know if any further information is required, and I look forward to receiving confirmation of the next steps in the professional registration process.",Generation Error,Generation Error,Generation Error
"Processing time: 28 days — plan to hold funds until Nov 15. CAS: 9876543210. IELTS 7.5 (2024-03-08), TB screen valid 2024-09-12. £32,400 CAD equiv. locked in RBC Chequing #8815-742-901, Toronto, 234 Yonge St. Pass: C74928156. PR card: PRC-7829-4516-033. No withdrawals. Emergency fund untouched. Mom called from Brampton on Oct 3 at 2:17 a.m. — “Bhaiya, the insulin co-pay is due.” Didn’t answer. Sleep debt: 41 hours. Still awake at 3:04 a.m. Oct 10 at the U of T Medical Library, 3rd floor, near the cracked window overlooking Huron St.","Processing time: 28 days — plan to hold funds until Nov 15. CAS: 9876543210. IELTS 7.5 (2024-03-08), TB screen valid 2024-09-12. £32,400 CAD equiv. locked in RBC Chequing #8815-742-901, Toronto, 234 Yonge St. Pass: C74928156. PR card: PRC-7829-4516-033. No withdrawals. Emergency fund untouched. Mom called from Brampton on Oct 3 at 2:17 a.m. — “Bhaiya, the insulin co-pay is due.” Didn’t answer. Sleep debt: 41 hours. Still awake at 3:04 a.m. Oct 10 at the U of T Medical Library, 3rd floor, near the cracked window overlooking Huron St.",Generation Error,Generation Error,Generation Error
"Formulir 1770 – SPT Tahunan Pajak Penghasilan Orang Pribadi  
Tahun Pajak: 2023  

--------------------------------------------------------------
Identitas Wajib Pajak
--------------------------------------------------------------
Nama                     : Loah Santoso
Nomor Induk Kependudukan : 3174 0589 6721 4538
Nomor Pokok Wajib Pajak (NPWP) : 31.274.639.8-210.5
Status Perkawinan        : Separated
Alamat Rumah             : Jl. Merdeka No. 78, Kel. Cikini, Kec. Menteng, Jakarta Pusat, 10340, Indonesia
Nomor Telepon            : +62 812-3456-7890
Alamat Email             : loah.santoso@email.com
Kewarganegaraan          : Republik Indonesia
Jenis Kelamin            : Perempuan
Golongan Darah           : B+
----------------------------------------------------------------
Data Penghasilan – Tahun 2023
----------------------------------------------------------------
1. Penghasilan Bruto (IDR)
   a. Gaji Pokok (per bulan)                         150.000.000
      (Catatan: Gaji Pokok tetap selama 12 bulan, dibayar pada tanggal 28 setiap bulan)
   b. Tunjangan Transportasi (per bulan)              5.200.000
   c. Bonus Tahunan (dibayarkan 02 April 2024, pukul 09:45 WIB) 12.600.000
   d. Penghasilan lain-lain (freelance desain grafis) 3.850.000
   Total Penghasilan Bruto tahunan                1.892.450.000

2. Penghasilan Neto (IDR) – setelah dikurangi biaya jabatan, iuran pensiun, dan potongan lain
   a. Biaya Jabatan (5% dari gaji pokok)           9.000.000
   b. Iuran Pensiun (BPJS Ketenagakerjaan)          2.250.000
   c. Potongan lain (asuransi kesehatan)          1.800.000
   Penghasilan Neto tahunan                        1.879.400.000

3. Penghasilan Kena Pajak (PKP) (IDR)
   a. Penghasilan Neto tahunan                      1.879.400.000
   b. Pengurang tidak kena pajak (PTKP) – TK/0       54.000.000
   PKP tahunan                                      1.825.400.000

4. Pajak Penghasilan Terutang (IDR)
   a. Tarif progresif 5% untuk 0 – 50.000.000       2.500.000
   b. Tarif 15% untuk 50.000.001 – 250.000.000      30.000.000
   c. Tarif 25% untuk 250.000.001 – 500.000.000     62.500.000
   d. Tarif 30% untuk > 500.000.000                  996.120.000
   Total Pajak Terutang Tahun 2023                 1.090.120.000

5. Kredit Pajak (PPH 21 dipotong oleh pemberi kerja)
   a. PPH 21 bulan Januari – Desember 2023          1.075.000.000
   Kredit Pajak yang dapat dikurangkan               1.075.000.000

6. Pajak Penghasilan yang Masih Terutang / Lebih Bayar
   a. Selisih (Terutang – Kredit)                   15.120.000
   b. Status: Masih Terutang (akan dibayar melalui portal e‑bayar)

--------------------------------------------------------------
Ringkasan Bulanan – Rata‑Rata Pendapatan (IDR)
--------------------------------------------------------------
Pendapatan bersih per bulan (setelah potongan)   150.000.000
[Catatan untuk Petugas Kredit: Nilai rata‑rata bulanan sebesar IDR 150.000.000 memenuhi dan melampaui ambang batas keuangan yang diminta (IDR 150.000.000) dalam proses penilaian kelayakan kredit hipotek. Dokumentasi ini diunggah pada 12 Maret 2024 pukul 14:30 WIB melalui portal e‑visa.gov.id, dengan enkripsi AES‑256, untuk kepentingan sponsor visa kerja PT. Nusantara Tech Solutions.]

--------------------------------------------------------------
Pernyataan
--------------------------------------------------------------
Saya yang bertanda tangan di bawah ini, Loah Santoso, menyatakan bahwa semua data yang tercantum dalam Surat Pemberitahuan (SPT) ini adalah benar, lengkap, dan dapat dipertanggungjawabkan sesuai dengan peraturan perundang‑undangan perpajakan yang berlaku.  
Tanggal dan Tempat Pengisian: Jakarta, 02 April 2024, pukul 09:45 WIB  
Tanda Tangan Elektronik (e‑Signature): LSN20240402-0945  

--------------------------------------------------------------
Lampiran
--------------------------------------------------------------
- Bukti potong PPH 21 (Form 1721‑1) bulan Januari – Desember 2023 (nomor seri 2023‑KP‑8794)  
- Rekapitulasi gaji bulanan (slip gaji) periode Januari – Desember 2023 (total 12 dokumen)  
- Salinan kontrak kerja dengan PT. Nusantara Tech Solutions (nomor kontrak NTS‑2023‑042)  
- Bukti pembayaran pajak terakhir (bukti transaksi bank BCA, referensi 9876543210)  

[Catatan akhir untuk Petugas Kredit: Semua dokumen pendukung telah diverifikasi keabsahannya oleh Direktorat Jenderal Pajak pada 28 April 2024, dengan kode verifikasi DJP‑V20240428‑B7K3.]",Identitas Wajib Pajak Identitas Wajib Pajak Identitas Wajib Pajak Identitas Wajib Pajak Identitas Wajib Pajak Identitas Wajib Pajak Identitas Wajib Pajak Identitas Wajib Pajak Identitas Wajib Pajak Identitas Wajib Pajak Identitas Wajib Pajak Identitas Wajib Pajak Identitas Wajib Pajak Identitas Wajib Pajak Identitas Wajib Pajak Identitas Wajib Pajak Identitas Wajib Pajak Identitas Wajib Pajak Identitas Wajib Pajak Identitas Wajib Pajak Identitas Wajib Pajak Identitas Wajib Pajak Identitas Wajib Pajak Identitas Wajib Pajak Identitas Wajib Pajak Identitas Wajib Pajak Identitas Wajib Pajak Identitas Wajib Pajak Identitas Wajib Pajak Identitas Wajib Pajak Identitas Wajib Pajak Identitas Wajib Pajak Identitas Wajib Pajak Identitas Wajib Pajak Identitas Wajib Pajak Identitas Wajib Pajak Identitas Wajib Pajak Identitas Wajib Pajak Identitas Wajib Pajak Identitas Wajib Pajak Identitas Wajib Pajak Identitas Wajib Pajak Identitas Wajib Pajak Identitas Wajib Pajak Identitas Wajib Pajak Identitas Wajib Pajak Ident,Generation Error,Generation Error,Generation Error
"Barclays UK  
Bank Account Statement with Reference Numbers

Account Holder: Roma Tekle  
Address: 14 Woburn Place, Bloomsbury, London WC1H 0JL, United Kingdom  
Account Number: 40938217  
Sort Code: 20-65-82  
IBAN: GB29 BARC 2065 8240 9382 17  
SWIFT/BIC: BARCGB22  
Statement Period: 01 July 2013 – 25 July 2013  
Statement Number: 2013-07-UK-7843921

----------------------------------------------------------------------
| Ref No.   | Date       | Time   | Description                                      | Location/Details                        | Debit (£) | Credit (£) | Balance (£) |
|-----------|------------|--------|--------------------------------------------------|-----------------------------------------|-----------|------------|-------------|
| 001-7843  | 01/07/2013 | 09:12  | Opening Balance                                  |                                         |           |            | 12,487.62   |
| 002-7843  | 02/07/2013 | 16:45  | ATM Withdrawal                                   | Barclays, 1 Tottenham Court Rd, London  | 200.00    |            | 12,287.62   |
| 003-7843  | 03/07/2013 | 11:08  | Salary Credit: London Health Trust               | NHS Payroll, Ref: 20130703LHT           |           | 3,412.50   | 15,700.12   |
| 004-7843  | 04/07/2013 | 13:27  | Card Purchase: Waitrose                          | 196 Tottenham Ct Rd, London             | 54.80     |            | 15,645.32   |
| 005-7843  | 05/07/2013 | 18:02  | Direct Debit: Thames Water                       | Ref: 0029481                            | 38.60     |            | 15,606.72   |
| 006-7843  | 06/07/2013 | 10:19  | Card Purchase: Boots Pharmacy                    | 40-42 High Holborn, London              | 23.15     |            | 15,583.57   |
| 007-7843  | 08/07/2013 | 15:54  | Online Transfer: To Samuel Tekle                 | Ref: 20130708SAM                        | 500.00    |            | 15,083.57   |
| 008-7843  | 09/07/2013 | 08:33  | Card Purchase: Pret A Manger                     | 191 Victoria St, London                 | 7.90      |            | 15,075.67   |
| 009-7843  | 10/07/2013 | 17:21  | Suspicious Online Payment: “UK-Electronics”      | Ref: 20130710UKELEC                     | 1,249.99  |            | 13,825.68   |
| 010-7843  | 11/07/2013 | 12:44  | Card Purchase: Sainsbury’s                       | 12-30 Southampton Row, London           | 62.40     |            | 13,763.28   |
| 011-7843  | 12/07/2013 | 19:03  | Suspicious Online Payment: “QuickLoan-GB”        | Ref: 20130712QLGB                       | 800.00    |            | 12,963.28   |
| 012-7843  | 13/07/2013 | 14:16  | Card Purchase: Waterstones                       | 82 Gower St, London                     | 18.50     |            | 12,944.78   |
| 013-7843  | 15/07/2013 | 09:27  | ATM Withdrawal                                   | Barclays, 2 Marsham St, London          | 100.00    |            | 12,844.78   |
| 014-7843  | 16/07/2013 | 16:11  | Suspicious Online Payment: “TravelNow-UK”        | Ref: 20130716TRVL                       | 1,050.00  |            | 11,794.78   |
| 015-7843  | 17/07/2013 | 10:38  | Card Purchase: Costa Coffee                      | 1 New Oxford St, London                 | 5.20      |            | 11,789.58   |
| 016-7843  | 18/07/2013 | 13:55  | Direct Debit: British Gas                        | Ref: 0031847                            | 44.10     |            | 11,745.48   |
| 017-7843  | 19/07/2013 | 17:22  | Suspicious Online Payment: “GiftCard-Express”    | Ref: 20130719GCEX                       | 600.00    |            | 11,145.48   |
| 018-7843  | 20/07/2013 | 11:47  | Card Purchase: Tesco Express                     | 22-25 Goodge St, London                 | 27.35     |            | 11,118.13   |
| 019-7843  | 22/07/2013 | 15:09  | Card Purchase: Marks & Spencer                   | 173 Oxford St, London                   | 39.90     |            | 11,078.23   |
| 020-7843  | 23/07/2013 | 08:58  | Suspicious Online Payment: “E-Booker UK”         | Ref: 20130723EBUK                       | 420.00    |            | 10,658.23   |
| 021-7843  | 24/07/2013 | 14:33  | Card Purchase: WHSmith                           | 107-109 Charing Cross Rd, London        | 12.60     |            | 10,645.63   |
| 022-7843  | 25/07/2013 | 09:01  | Closing Balance                                  |                                         |           |            | 10,645.63   |
----------------------------------------------------------------------

Dispute and Reference Instructions:  
To dispute a transaction, please quote the unique Reference Number (Ref No.) associated with the entry. For example, to dispute the “UK-Electronics” payment, reference 009-7843. Contact Barclays Fraud Department at 0800 400 100 or visit your local branch with this statement and your identification (National ID Card: ER-2013-7843921, Passport: E12394756). For further assistance, email fraud@barclays.co.uk.","Account Holder: Roma Tekle Address: 14 Woburn Place, Bloomsbury, London WC1H 0JL, United Kingdom Account Number: 40938217 Sort Code: 20-65-82 IBAN: GB29 BARC 2065 8240 9382 17 SWIFT/BIC: BARCGB22 Statement Period: 01 July 2013 – 25 July 2013 Statement Number: 2013-07-UK-7843921 ---------------------------------------------------------------------------------------------------------------------------------------------------------------------------------------------------------------------------------------------------------------------------------------------------------------------------------------------------------------------------------------------------------------------------------------------------------------------------------------------------------------------------------------------------------------------------------------------------------------------------------------------------------------------------------------------------------------------------------------------------------------------------------------------------------------------------------------------------------------------------------------------------------------------------------------------------------------------------------------------------------------------------------------------------------------------------------------------------------------------------------------------------------------------------------------------------------------------------------------------------------------------------------------",Generation Error,Generation Error,Generation Error
"Press Release  
Social Democratic Party Communications Office  
Stockholm, Sweden – March 22, 2024, 09:30 CET  

Subject: Social Democratic Party Reflects on Transparency and Personal Narratives in Recent Immigration Policy Debate  

On March 20, 2024, at a live televised debate hosted by SVT1 from Kulturhuset Stadsteatern in Stockholm (Sergels torg 3, 111 57 Stockholm), our party representative Leeah Sundström, age 21, participated in a detailed discussion on Sweden’s ongoing immigration reform and integration policy. The 90-minute debate was watched live by an estimated 1,050,000 viewers nationally. During the program, Ms. Sundström shared a personal family story that had not been previously public—that her grandfather immigrated to Sweden from Finland in 1948 without formal documentation. This candid revelation connected directly to key topics discussed and has since prompted meaningful public reflection on the human aspects of immigration.

This moment invites the Social Democratic Party to consider how personal histories and transparency have played roles in our political discourse on immigration reform. For context, during the 1998 parliamentary debate on asylum policies, then-Minister Anna Lindström openly addressed her family’s experience as refugees, which helped reinforce the party’s commitment to compassionate and transparent policy-making. That episode influenced the integration policies adopted in 2006, which emphasized increased investment in language education, community programs, and anti-discrimination initiatives.

Ms. Sundström’s openness about her family background exemplifies the party’s evolving approach—embracing honesty and the complexities of individual stories as vital elements in shaping policy. Unlike earlier periods when personal histories were occasionally withheld to avoid controversy, the Social Democratic Party now affirms that authenticity strengthens public trust and enriches democratic dialogue. We recognize immigration reform as a multifaceted challenge that requires acknowledging the personal experiences behind broader legislative efforts.

Building on these principles, the party is advancing a comprehensive policy platform that includes clearer pathways to citizenship for undocumented immigrants who meet set criteria, expanded access to Swedish language courses and vocational training, and reinforced measures to combat workplace discrimination. Ms. Sundström, as a young Nordic woman with roots embedded in Sweden’s diverse society, embodies our vision for inclusive leadership and progressive social reform.

The Social Democratic Party remains committed to fostering a political culture where transparency is regarded as a strength and where discussions of personal history enhance rather than hinder policy debates. We encourage all citizens to engage thoughtfully with the substantive proposals put forward during the recent debate and to appreciate the role of individual narratives in shaping Sweden’s future.

For further information, please contact the Communications Office at +46 8 555 12 345 or email communications@socialdemokraterna.se.

End of Release","On March 20, 2024, at a live televised debate hosted by SVT1 from Kulturhuset Stadsteatern in Stockholm, our party representative Leeah Sundström, age 21, participated in a detailed discussion on Sweden’s ongoing immigration reform and integration policy. The 90-minute debate was watched live by an estimated 1,050,000 viewers nationally.",Generation Error,Generation Error,Generation Error
"Patent Application Draft  
European Union Intellectual Property Office (EUIPO) – Submitted as a scanned PDF (text version below)  

Title: Ergonomic Wooden Spoon with Adjustable Grip and Integrated Measuring Scale  

Technical Field: Woodworking, specifically the design and manufacture of hand‑crafted kitchen utensils. The invention draws upon Traditional Romanian Crafts and is intended for use in DIY Home Projects involving cooking, baking, and food preparation.  

Abstract:  
The present invention relates to an ergonomic wooden spoon featuring a contoured handle with an adjustable grip module and an integrated measuring scale. The spoon is crafted from sustainably sourced hardwood, treated with food‑safe oil, and incorporates design elements inspired by traditional Romanian wooden utensil craftsmanship. The adjustable grip allows users to modify the handle diameter for comfort, while the measuring scale enables precise ingredient measurement without additional tools.  

Background of the Invention:  

1.1. Prior Art  
Traditional wooden spoons have been used for centuries in Romanian households, valued for their durability, natural aesthetic, and gentle interaction with non‑stick cookware. However, existing designs lack ergonomic adaptability and built‑in measurement features, forcing users to rely on separate measuring implements.  

1.2. Problem to be Solved  
The lack of ergonomic customization can cause hand fatigue during prolonged stirring, and the absence of integrated measurement leads to inefficiencies in kitchen workflows, especially in DIY home cooking projects where precision is required.  

Summary of the Invention:  

The invention provides a wooden spoon comprising:  

- A main spoon body (bowl) formed from a single piece of hardwood, shaped to a depth of 45 mm and a diameter of 70 mm, optimized for fluid dynamics during stirring.  
- A contoured handle (length 250 mm) featuring a series of ergonomic indentations at 30 mm intervals.  
- An adjustable grip module consisting of a detachable silicone sleeve (inner diameter 22 mm, outer diameter 28 mm) that can be slid onto the handle and secured with a recessed wooden latch. The sleeve is interchangeable in three sizes (small, medium, large) to accommodate different hand sizes.  
- An integrated measuring scale engraved along the handle’s exterior, calibrated in both metric (millilitres) and imperial (fluid ounces) units, with markings at 10‑ml/0.33‑oz increments.  
- A finish of food‑grade tung oil applied in three layers to enhance durability and resistance to moisture.  

The design incorporates motifs typical of Romanian folk carving (e.g., stylized wheat sheaves) on the handle’s surface, preserving cultural heritage while delivering modern functionality.  

Brief Description of the Drawings:  

Figure 1: Front perspective view of the wooden spoon showing overall dimensions.  
Figure 2: Exploded view of the handle, adjustable grip module, and securing latch.  
Figure 3: Close‑up of the engraved measuring scale with metric and imperial markings.  
Figure 4: Detail of the Romanian folk carving pattern on the handle.  
Figure 5: Cross‑section of the spoon bowl illustrating wall thickness (4 mm) for optimal heat resistance.  

Detailed Description of the Preferred Embodiment:  

The spoon is carved from beech wood, selected for its fine grain and resistance to splitting. The bowl is milled using a CNC router to achieve a uniform wall thickness of 4 mm, ensuring balance and reducing heat transfer to the hand. The handle is shaped on a lathe, producing a smooth ergonomic profile.  

The adjustable grip module is fabricated from food‑grade silicone, offering a soft yet firm interface. The module slides onto the handle through a recessed channel and locks in place via a wooden latch cut into the handle’s underside. Users may select the appropriate sleeve size based on hand circumference, thereby reducing strain during stirring.  

The measuring scale is laser‑engraved onto the handle’s outer surface. Calibration was performed by measuring the volume displaced by the spoon bowl when filled to specific depths, correlating linear handle markings to volumetric capacity. Both metric (10 ml steps) and imperial (0.33 fl oz steps) units are provided for universal applicability.  

The final product is finished with three coats of food‑grade tung oil, each cured for 24 hours, delivering a water‑repellent surface while preserving the natural wood texture.  

Claims:  

1. An ergonomic wooden spoon comprising:  
   a) a spoon bowl formed from a single piece of hardwood;  
   b) a contoured handle extending from the bowl;  
   c) an adjustable grip module detachable from the handle, the module comprising a silicone sleeve and a securing latch; and  
   d) an integrated measuring scale engraved on the handle, calibrated in both metric and imperial units.  

2. The spoon of claim 1, wherein the handle features traditional Romanian folk carving motifs.  

3. The spoon of claim 1, wherein the adjustable grip module is available in at least three size variants to accommodate different hand circumferences.  

4. The spoon of claim 1, wherein the spoon bowl has a wall thickness of 4 mm to enhance heat resistance.  

5. The spoon of claim 1, wherein the wooden spoon is finished with three coats of food‑grade tung oil.  

6. A method of using the ergonomic wooden spoon comprising:  
   a) selecting the appropriate grip module size;  
   b) sliding the grip module onto the handle and securing it with the latch;  
   c) employing the engraved measuring scale to measure liquid or dry ingredients directly on the handle; and  
   d) stirring or mixing contents in a cooking vessel.  

7. The ergonomic wooden spoon of any preceding claim, intended for use in DIY home cooking projects and for preservation of traditional Romanian craft techniques.  

Description of the Invention’s Advantages:  

- Provides customizable ergonomic comfort, reducing hand fatigue.  
- Eliminates need for separate measuring tools, streamlining kitchen workflow.  
- Preserves cultural heritage through incorporation of Romanian folk designs.  
- Utilizes sustainable hardwood and food‑safe finishes, aligning with eco‑friendly consumer values.  

Inventor(s):  
[Name], [Address], [Nationality]  

Applicant:  
[Company/Individual], [Address], [Country]  

Date of Filing: 4 September 2025  

Signature: ______________________  

End of Document.",Generation Error,Generation Error,Generation Error,Generation Error
"ESTATE PLANNING INSTRUMENT – LAST WILL AND TESTAMENT  
Drafted by Srisuk & Partners Law Firm, Bangkok  

--------------------------------------------------------------------
I, Camillie Srisuk, female, born 11 February 1943 (age 82), married, Thai
citizen, residing at 22/4 Soi Sukhumvit 31, Khlong Toei, Bangkok 10110,
Thailand, holder of National ID Card No. 4‑8391‑27658‑19‑3, Passport No.
TH9M3K7B, telephone +66 89 274 8391, email camillie.srisuk@outlook.com,
personal website https://camiliesrisuk.org, do hereby make, publish and
declare this to be my Last Will and Testament, revoking all former wills
and codicils made by me.

--------------------------------------------------------------------
1. APPOINTMENT OF EXECUTOR

   I appoint Mr. Anan Rattanapong, Esq., Partner, Srisuk & Partners Law
   Firm, 12th Floor, Sathon Tower, 89/5 Sathon Road, Bang Rak,
   Bangkok 10500, Thailand, as Executor of my estate.  

   If Mr. Rattanapong is unable or unwilling to serve, I appoint Ms.
   Kanya Lertpichit, Esq., also of Srisuk & Partners, as alternate Executor.

--------------------------------------------------------------------
2. WITNESSES

   This Will is signed in the presence of two competent witnesses, each
   over the age of twenty‑one, who attest to my sound mind and free will:

   • Witness 1: Somchai Phanich, 38 years, 15 Ratchadamri Road,
     Lumpini, Bangkok 10330, ID No. 1‑7265‑43210‑27‑5.  

   • Witness 2: Nicha Kraisri, 45 years, 9 Soi Rama IV,
     Phra Nakhon, Bangkok 10200, ID No. 2‑8194‑56789‑33‑2.

--------------------------------------------------------------------
3. DISPOSITION OF PROPERTY

   A. Renewable Energy Infrastructure – “Suan Phra Solar Farm”

      • Location: 58.2 hectares, Tambon Samrong, Amphoe Samut Prakan,
        GPS 13°34′12″ N 100°34′45″ E.  
      • Ownership: 100 % beneficial interest held by me since
        2 September 2023 (purchase price THB 2,350,000).  
      • Current fair market value (appraised 15 September 2024):
        THB 18,720,000.  
      • Rights and obligations: entitlement to all cash flows,
        tax credits, and operational control; responsibility for
        maintenance, insurance (Policy No. SUN‑2023‑8456), and
        compliance with the Renewable Energy Act B.E. 2559.

      I bequeath the entire beneficial interest in the Suan Phra Solar
      Farm to my spouse, Mr. Somchai Srisuk, to take effect upon my
      death. He shall receive all present and future cash flows, tax
      credits, and the right to sell, lease, or otherwise dispose of the
      asset in accordance with Thai law.

      Charitable Trigger:  Upon the death of my spouse, or if he
      predeceases me, twenty percent (20 %) of the net proceeds from the
      eventual sale of the Suan Phra Solar Farm shall be irrevocably
      transferred to the Thailand Renewable Energy Scholarship Fund,
      Registration No. RE‑2024‑0678, administered by the Ministry of
      Higher Education, Science and Innovation. The funds shall be used
      to provide full tuition scholarships for up to three undergraduate
      students each year in fields related to solar technology and
      sustainable energy.

   B. Residual Estate

      All remaining personal property, bank accounts, securities,
      investments, and any assets not expressly devised above shall pass
      to my spouse, Mr. Somchai Srisuk, in absolute ownership, free of
      encumbrance, subject only to applicable inheritance taxes under
      Thai law.

--------------------------------------------------------------------
4. GENERAL PROVISIONS

   • I direct my Executor to settle all debts, funeral expenses, and
     taxes before any distribution is made.  

   • Any dispute arising under this Will shall be resolved by the
     Central District Court, Bangkok, Thailand.  

   • This Will is executed in accordance with the laws of the Kingdom
     of Thailand and shall be notarized by a duly authorized Notary
     Public.

--------------------------------------------------------------------
EXECUTED at the offices of Srisuk & Partners Law Firm,
12th Floor, Sathon Tower, 89/5 Sathon Road, Bang Rak,
Bangkok 10500, on 3 October 2024 at 09:45.

______________________________  
Camillie Srisuk – Testatrix  

Signed in the presence of the witnesses and the Notary Public:

______________________________   ______________________________  
Somchai Phanich – Witness 1      Nicha Kraisri – Witness 2  

Notary Public: Ms. Pailin Chaiyawan, Notary Public No. 317‑B,
licensed by the Ministry of Justice, Bangkok, Thailand.

______________________________  
Signature & Seal of Notary Public   Date: 3 October 2024   Time: 10:15

--------------------------------------------------------------------","I, Camillie Srisuk, female, born 11 February 1943 (age 82), married, Thai citizen, residing at 22/4 Soi Sukhumvit 31, Khlong Toei, Bangkok 10110, Thailand, holder of National ID Card No. 4839127658193, Passport No. TH9M3K7B, telephone +66 89 274 8391, email camillie.srisuk@outlook.com, personal website https://camiliesrisuk.org, do hereby make, publish and declare this to be my Last Will and Testament, revoking all former wills and codicils made by me.","I, Camillie Srisuk, female, born 11 February 1943 (age 82), married, Thai citizen, residing at 22/4 Soi Sukhumvit 31, Khlong Toei, Bangkok 10110, Thailand, holder of National ID Card No. 4839127658193, Passport No. TH9M3K7B, telephone +66 89 274 8391, email camillie.srisuk@outlook.com, personal website https://camiliesrisuk.org, do hereby make, publish and declare this to be my Last Will and Testament, revoking all former wills and codicils made by me.","I, Camillie Srisuk, female, born 11 February 1943 (age 82), married, Thai citizen, residing at 22/4 Soi Sukhumvit 31, Khlong Toei, Bangkok 10110, Thailand, holder of National ID Card No. 4839127658193, Passport No. TH9M3K7B, telephone +66 89 274 8391, email camillie.srisuk@outlook.com, personal website https://camiliesrisuk.org, do hereby make, publish and declare this to be my Last Will and Testament, revoking all former wills and codicils made by me.",Generation Error
"Subject: Invitation: Voices for Peace Summit – 2024-09-06  
From: Januita Mekonnen <januita.mekonnen@example.com>  
To: Community Leaders <community.leaders@asmara.org>  

Dear Colleagues,

You are cordially invited to the “Voices for Peace Summit” on 2024-09-06, hosted at the Asmara Cultural Center, 4th Floor, Haile Selassie Avenue, Asmara, Eritrea. The summit will run from 09:30 AM to 04:30 PM (7 hours) and will feature a keynote address by Dr. Selam Kidane, Human Rights Advocate, followed by three panel sessions and a breakout workshop. We anticipate 238 participants, including representatives from NGOs, academia, and local civic groups. Light refreshments will be provided at 12:15 PM and 03:00 PM in the adjoining Atrium (capacity 45 persons). Parking is available at the Center’s east lot (spaces 112‑158).  

Please see the attached calendar invite for the event details and RSVP instructions. Should you need further information, feel free to contact me at +291715432108.

Regards,  
Januita Mekonnen  
Eritrean Citizen, Upper‑income class, native Tigrinya speaker  
januita.mekonnen@example.com  



---  
Attachment: Voices_for_Peace_Summit_2024-09-06.ics",Generation Error,Generation Error,Generation Error,Generation Error
"- Donation – Project: Community health & nutrition – Region: Andean valleys (Chinchero, Cusco, Peru) – Date: 2024-09-02 14:37 – Amount: €84.27 – Transaction ID: TXN-842937  
- Beneficiary address: Casa de la Comunidad, Calle del Sol 3, 08680 Chinchero, Cusco Region, Peru – Goal: Reduce iron‑deficiency anemia in children 6‑12 months – Target households: 312  
- Supplies dispatched: 124 kg fortified cornmeal, 87 L oral rehydration solution, 3 solar‑powered refrigeration units, 2 L water‑filtration kit  
- Volunteer team: 7 members, including Shaeann Krauss (ID D8402937612, email shaeann.krauss.23@gmail.com, phone +49 1512 8473920) – Role: Nutrition education & health monitoring  
- Support duration: 12 months (2024‑09‑02 to 2025‑08‑31) – Monitoring schedule: monthly health surveys, quarterly hemoglobin assessments – Reported outcome: 48 % increase in average hemoglobin levels across target villages.",Generation Error,Generation Error,Generation Error,Generation Error
"Subject: Confirmation of Your Volunteer Schedule at Kano Animal Rescue Center

Dear Terene Abubakar,

I hope this message finds you well. On behalf of Kano Animal Rescue Center, located at 12 Zaria Road, Kano, Nigeria, we sincerely thank you for your ongoing dedication to our mission. Your commitment to volunteering eight hours per week, particularly your focused care for Malam, our 11-year-old Malamute suffering from chronic arthritis and partial blindness, is truly appreciated.

We are pleased to confirm your volunteer schedule as follows: every Tuesday and Thursday from 8:30 AM to 12:30 PM, and every Saturday from 9:00 AM to 11:00 AM, starting Tuesday, February 6, 2024. These shifts align with our Senior Dog Wellness Program, designed to provide targeted therapeutic care, including mobility assistance and gentle enrichment activities, to Malam and other senior dogs with special needs.

Your consistent involvement during these times is critical to enhancing the quality of life for our elderly residents. The animal care team has observed your skilled handling of Malam’s arthritis management routines, including assisted walks, massage therapy, and muscle-strengthening exercises, which have contributed to noticeable improvements in his mobility and comfort.

If you need any changes to your schedule or have questions about your responsibilities, please contact our Volunteer Coordinator, Amina Yusuf, at hr@kanoranimalrescue.ng or call +234 803 555 6721. We are committed to supporting you throughout your volunteer experience.

Thank you again, Terene, for your compassion and dedication. Your efforts make a significant difference, and we look forward to your continued positive impact on our shelter family.

Warm regards,

HR Department  
Kano Animal Rescue Center  
12 Zaria Road, Kano, Nigeria  
Phone: +234 803 555 6721  
Email: hr@kanoranimalrescue.ng",Generation Error,Generation Error,Generation Error,Generation Error
"NON‑IMMIGRANT B (MEDICAL) VISA APPLICATION – DIGITAL PDF  
Royal Thai Embassy, Vientiane – Submission Date: 2025‑02‑12 09:45 GMT+7  

--- Page 1 ---  

(a) PERSONAL BIOGRAPHY  
Full Name: Strider Somsri  
Date of Birth: 2000‑09‑05 (Age: 36)  
Sex: Male | Blood Type: AB+ | Ethnicity: Mixed Race  
Citizenship: Lao People’s Democratic Republic  
National ID Type: National ID Card – No. L‑4F9K2M7Q (Issued 2022‑07‑14, Expiry 2032‑07‑13)  
Passport No.: M8J2K9L4 (Issued 2023‑03‑22, Expiry 2033‑03‑21)  
Current Residential Address: House No. 24‑B, Village 3, Sisattanak District, Vientiane, Lao PDR, 01000  
Phone: +856 20 9376 8421 | Email: strider.somsri@example.com | User Handle: strider_somsri | Personal URL: https://www.stridersomsri.com  

(b) PROFESSIONAL QUALIFICATIONS  
Medical License: Lao Ministry of Health – License No. 302‑8459 (Issued 2021‑11‑05, Valid through 2031‑11‑04) – Specialization in Internal Medicine and Infectious Disease, Board‑Certified 2023‑02‑18.  
Academic Credentials: MBBS, University of Health Sciences, Vientiane (Graduated 2020‑06‑12, GPA 3.78/4.00).  
Continuing Professional Development: Completed a 120‑hour WHO‑accredited course on “Emerging Zoonotic Pathogens” on 2024‑09‑30; certified by the Lao Medical Council.  
Professional Experience: Senior Physician at Lao Central Hospital, Vientiane (Employment Period: 2020‑07‑01 to present). Primary responsibilities include managing a 30‑bed isolation ward, supervising 12 resident doctors, and coordinating with regional health authorities for epidemic response.  
Key Achievements: Led a multidisciplinary team that reduced hospital‑acquired infection rate from 7.4 % to 3.2 % between Jan 2023 and Dec 2023; authored three peer‑reviewed articles on dengue fever management (Journal of Tropical Medicine, 2022‑2024).  

--- Page 2 ---  

(c) ASSIGNMENT DESCRIPTION  
Host Institution: Bangkok Hospital – Sukhumvit 23 Campus, 2nd Floor, Ward 5, 33/3 Sukhumvit Soi 23, Khlong Toei, Bangkok 10110, Thailand (Latitude 13.7355 N, Longitude 100.5629 E).  
Assignment Title: “Short‑Term Infectious Disease Surveillance and Clinical Support – Dengue Outbreak Mitigation”.  
Contract Reference: HC‑8745629‑TH (Signed 2025‑02‑06, Effective 2025‑04‑01).  
Assignment Duration: 2025‑04‑01 08:00 ICT to 2025‑06‑30 17:30 ICT (total 90 days, 720 hours on‑site).  
Scope of Work:  
1. Conduct daily clinical assessments of 45‑60 dengue patients in the high‑dependency unit, utilizing WHO 2009 classification criteria.  
2. Implement point‑of‑care ultrasonography (Vivid i, GE Healthcare, Serial No. 5179‑2025) for early detection of plasma leakage.  
3. Train 18 Thai junior physicians and 24 nursing staff on fluid‑management protocols, with a minimum of 12 hours of hands‑on workshops per week.  
4. Liaise with the Ministry of Public Health, Thailand, to integrate real‑time case reporting via the e‑Surveillance platform (API v3.2).  
5. Produce a comprehensive after‑action report (≈ 28,000 words) summarizing epidemiological trends, treatment outcomes, and recommendations for future outbreak preparedness.  
Compensation: Monthly stipend of USD 3,200.00, inclusive of accommodation allowance (USD 1,200.00) at the hospital‑affiliated serviced apartment, 45 m², 2‑bedroom unit, located at 45/5 Sukhumvit Soi 23, Bangkok.  

Required Documents Submitted (PDF Annexes):  
- Valid passport (M8J2K9L4) – scanned colour pages 1‑4, file size 2.3 MB.  
- National ID (L‑4F9K2M7Q) – front and back, file size 0.9 MB.  
- Employment contract (HC‑8745629‑TH) – signed copies, file size 1.1 MB.  
- Medical license (302‑8459) – certified true copy, file size 0.7 MB.  
- Proof of vaccination: Full COVID‑19 (Pfizer‑BioNTech, Dose 1 2021‑04‑12, Dose 2 2021‑05‑03, Booster 2022‑11‑20) and Yellow Fever (Sanofi Pasteur, 2023‑08‑15), file size 0.6 MB.  
- Police clearance certificate (issued 2025‑01‑28, No. PC‑5623‑LAO, file size 0.5 MB).  
- Visa fee receipt: USD 210.00, Transaction ID 9F3B7C2D, Paid 2025‑02‑10 14:32 GMT, file size 0.2 MB.  

--- Page 3 ---  

(d) HEALTH & SAFETY DECLARATIONS  
I, Strider Somsri, affirm that I possess no communicable diseases that would pose a risk to public health in Thailand, as evidenced by a negative PCR test for SARS‑CoV‑2 (Result: Negative, Sample collected 2025‑03‑20, Lab: Lao National Virology Center, Report No. VN‑2025‑0345).  
I hold a valid International Certificate of Vaccination (Yellow Fever, 2023‑08‑15) and am up to date with Hepatitis B (3‑dose series completed 2022‑06‑10) and Influenza (2024‑10‑05).  
I have secured personal medical insurance covering emergency repatriation, with policy number INS‑8427‑TH, effective 2025‑04‑01 to 2025‑06‑30, provider: Global Health Assurance Ltd. (Coverage: USD 250,000, deductible USD 500).  
I acknowledge the host institution’s occupational health and safety protocols, including mandatory use of Level 2 PPE in the isolation ward, daily temperature monitoring, and participation in quarterly fire drills.  

(e) LEGAL ATTESTATIONS  
I declare under penalty of perjury that all information provided herein is true, accurate, and complete to the best of my knowledge. I understand that any falsification or omission may result in visa denial, revocation, or legal prosecution under the Immigration Act B.E. 2522 (1979) of the Kingdom of Thailand.  
I consent to the processing of my personal data by the Royal Thai Embassy, Vientiane, for the purpose of visa assessment, in accordance with the Thai Personal Data Protection Act B.E. 2562 (2019).  
Signature (digital): Strider Somsri  
Date of Signature: 2025‑02‑12 09:41 GMT+7  

End of Document.","(a) PERSONAL BIOGRAPHY Full Name: Strider Somsri Date of Birth: 20000905 (Age: 36) Sex: Male | Blood Type: AB+ | Ethnicity: Mixed Race Citizenship: Lao People’s Democratic Republic National ID Type: National ID Card – No. L4F9K2M7Q (Issued 20220714, Expiry 20320713) Passport No.: M8J2K9L4 (Issued 20230322, Expiry 20330321) Current Residential Address: House No. 24B, Village 3, Sisattanak District, Vientiane, Lao PDR, 01000 Phone: +856 20 9376 8421 | Email: strider.somsri@example.com | User Handle: strider_somsri | Personal URL: https://www.stridersomsri.com",Generation Error,Generation Error,Generation Error
"Bullet‑Point Summary
- Faith crisis length: 9 months (2022‑09‑04 to 2023‑06‑04)
- Trigger event: loss of Mira Deshmukh (spouse) on 2022‑09‑03 at Sahyadri Hospital, 124‑B, Ganeshkhind Road, Pune 411016
- First consultation with Dr. Ananya Rao: 2022‑09‑10, 10:30 AM, Pune Interfaith Meditation Centre, 12‑B, Shankar Nagar, Pune 411014
- Peak period of existential doubt recorded: 2022‑12‑22, 14:15 PM, residence at 87‑C, Vaishali Society, Kothrud, Pune – 3.2 km from workplace
- Initiation of secular mindfulness routine: 2023‑03‑05, 07:00 AM daily, 20‑minute breath‑awareness session measured via HRV (58‑62 ms) using Polar H10 strap (serial 7,842)
- First written reflection submitted to Dr. Rao: 2023‑04‑07, 16:45 PM, 1,750‑word entry, attached PDF size 2.4 MB
- Resolution milestone: community blog “Ethical Living with Beyan” launched 2023‑06‑10, URL https://www.beyandeshmukh.com, first post 1,342 views within 48 hours

Expanded Commentary
Beyan Deshmukh (Male, DOB 2002‑01‑15, Age 44, Upper income class, Marathi native speaker, O+ blood type, South Asian ethnicity, Indian citizen, Aadhaar 8604 2918 7352, Passport NJ8459123, Phone +91‑98271‑64358, Email beyan.deshmukh@email.com, Handle beyan_d) recorded the onset of his faith crisis on 2022‑09‑04, the day after Mira Deshmukh’s death at Sahyadri Hospital. The hospital’s emergency wing (Ward 3, Bed 7) noted a sudden cardiac arrest at 02:47 AM; the official discharge summary (ref #G5K9L2) was signed by Dr. S. Patil at 17:02 PM. Beyan’s immediate emotional response was documented in a handwritten note dated 2022‑09‑04, 09:13 AM, where he listed “loss, disbelief, spiritual vacuum” as primary symptoms.

The first formal engagement with Dr. Ananya Rao occurred on 2022‑09‑10 at 10:30 AM in the meditation centre’s consultation room (Room 5, capacity 12). Dr. Rao’s intake form (ID #A-437) captured Beyan’s baseline anxiety score (GAD‑7 = 13) and his self‑reported spiritual affiliation as “agnostic leaning toward Hindu dharma”. The session lasted 45 minutes, after which Dr. Rao prescribed a three‑phase reflective journal exercise, each entry not to exceed 1,200 words, to be submitted weekly via the shared Google Doc.

Beyan’s most acute period of doubt manifested on 2022‑12‑22 at 14:15 PM while he was alone in his Kothrud apartment. He recorded a 3‑hour interval of rumination, noting a physiological heart rate of 112 bpm (measured by his Fitbit Charge 5, serial 3,571) and a cortisol salivary assay result of 22 nmol/L (lab code L‑X9). This entry included a precise map coordinate (18.5432° N, 73.8661° E) and an audio file (duration 04:36) of his silent questioning.

On 2023‑03‑05, Beyan instituted a secular mindfulness protocol: a 20‑minute breath‑awareness practice each morning at 07:00 AM, monitored via HRV. The initial HRV reading averaged 60 ms, which he logged in a spreadsheet (file ID #B-209). He noted a gradual increase to 62 ms over the subsequent four weeks, interpreting this as a physiological marker of reduced autonomic arousal.

The first substantive written reflection for Dr. Rao was uploaded on 2023‑04‑07 at 16:45 PM. The document, titled “Mid‑Crisis Assessment – 4‑Month Mark”, comprised 1,750 words, 12 headings, and referenced 4 scholarly articles (DOI 10.1007/xyz123, DOI 10.1016/abc456). The attached PDF (2.4 MB) included a scanned copy of his blood test (Hemoglobin 13.8 g/dL, Vitamin D 28 ng/mL) to contextualize his physical health during the crisis.

Finally, Beyan marked the resolution phase on 2023‑06‑10 by launching his community blog “Ethical Living with Beyan” (URL https://www.beyandeshmukh.com). The inaugural post, “Integrating Mindfulness After Loss”, garnered 1,342 page views and 87 comments within 48 hours, indicating early engagement. He recorded this milestone in the shared Doc, noting the blog’s server uptime of 99.97 % over the first week and a bounce rate of 21 %. This entry signaled the transition from personal crisis documentation to public ethical discourse.",Generation Error,Generation Error,Generation Error,Generation Error
